
--
-- DB Version history data for table `Country_Codes`
--

INSERT INTO `Country_Tables_Version` (version_number, changed_date, version_text) VALUES (1000, '2013-04-10 14:40:53','Initial versioned dbdes and two letter ISO');
INSERT INTO `Country_Tables_Version` (version_number, changed_date, version_text) VALUES (1001, '2013-04-08 16:40:00','added PSE trunk / exit dialcodes and two letter ISO');


--
-- Dumping data for table `Country_Codes`
--

INSERT INTO `Country_Codes` (country_3_letter,country_2_letter) VALUES ('ABW','AW');
INSERT INTO `Country_Codes` (country_3_letter,country_2_letter) VALUES ('AFG','AF');
INSERT INTO `Country_Codes` (country_3_letter,country_2_letter) VALUES ('AGO','AO');
INSERT INTO `Country_Codes` (country_3_letter,country_2_letter) VALUES ('AIA','AI');
INSERT INTO `Country_Codes` (country_3_letter,country_2_letter) VALUES ('ALA','AX');
INSERT INTO `Country_Codes` (country_3_letter,country_2_letter) VALUES ('ALB','AL');
INSERT INTO `Country_Codes` (country_3_letter,country_2_letter) VALUES ('AND','AD');
INSERT INTO `Country_Codes` (country_3_letter,country_2_letter) VALUES ('ANT','AN');
INSERT INTO `Country_Codes` (country_3_letter,country_2_letter) VALUES ('ARE','AE');
INSERT INTO `Country_Codes` (country_3_letter,country_2_letter) VALUES ('ARG','AR');
INSERT INTO `Country_Codes` (country_3_letter,country_2_letter) VALUES ('ARM','AM');
INSERT INTO `Country_Codes` (country_3_letter,country_2_letter) VALUES ('ASC','AC');
INSERT INTO `Country_Codes` (country_3_letter,country_2_letter) VALUES ('ASM','AS');
INSERT INTO `Country_Codes` (country_3_letter,country_2_letter) VALUES ('ATF','TF');
INSERT INTO `Country_Codes` (country_3_letter,country_2_letter) VALUES ('ATG','AG');
INSERT INTO `Country_Codes` (country_3_letter,country_2_letter) VALUES ('AUS','AU');
INSERT INTO `Country_Codes` (country_3_letter,country_2_letter) VALUES ('AUT','AT');
INSERT INTO `Country_Codes` (country_3_letter,country_2_letter) VALUES ('AZE','AZ');
INSERT INTO `Country_Codes` (country_3_letter,country_2_letter) VALUES ('BDI','BI');
INSERT INTO `Country_Codes` (country_3_letter,country_2_letter) VALUES ('BEL','BE');
INSERT INTO `Country_Codes` (country_3_letter,country_2_letter) VALUES ('BEN','BJ');
INSERT INTO `Country_Codes` (country_3_letter,country_2_letter) VALUES ('BFA','BF');
INSERT INTO `Country_Codes` (country_3_letter,country_2_letter) VALUES ('BGD','BD');
INSERT INTO `Country_Codes` (country_3_letter,country_2_letter) VALUES ('BGR','BG');
INSERT INTO `Country_Codes` (country_3_letter,country_2_letter) VALUES ('BHR','BH');
INSERT INTO `Country_Codes` (country_3_letter,country_2_letter) VALUES ('BHS','BS');
INSERT INTO `Country_Codes` (country_3_letter,country_2_letter) VALUES ('BIH','BA');
INSERT INTO `Country_Codes` (country_3_letter,country_2_letter) VALUES ('BLR','BY');
INSERT INTO `Country_Codes` (country_3_letter,country_2_letter) VALUES ('BLZ','BZ');
INSERT INTO `Country_Codes` (country_3_letter,country_2_letter) VALUES ('BMU','BM');
INSERT INTO `Country_Codes` (country_3_letter,country_2_letter) VALUES ('BOL','BO');
INSERT INTO `Country_Codes` (country_3_letter,country_2_letter) VALUES ('BRA','BR');
INSERT INTO `Country_Codes` (country_3_letter,country_2_letter) VALUES ('BRB','BB');
INSERT INTO `Country_Codes` (country_3_letter,country_2_letter) VALUES ('BRN','BN');
INSERT INTO `Country_Codes` (country_3_letter,country_2_letter) VALUES ('BTN','BT');
INSERT INTO `Country_Codes` (country_3_letter,country_2_letter) VALUES ('BVT','BV');
INSERT INTO `Country_Codes` (country_3_letter,country_2_letter) VALUES ('BWA','BW');
INSERT INTO `Country_Codes` (country_3_letter,country_2_letter) VALUES ('CAF','CF');
INSERT INTO `Country_Codes` (country_3_letter,country_2_letter) VALUES ('CAN','CA');
INSERT INTO `Country_Codes` (country_3_letter,country_2_letter) VALUES ('CCK','CC');
INSERT INTO `Country_Codes` (country_3_letter,country_2_letter) VALUES ('CHE','CH');
INSERT INTO `Country_Codes` (country_3_letter,country_2_letter) VALUES ('CHL','CL');
INSERT INTO `Country_Codes` (country_3_letter,country_2_letter) VALUES ('CHN','CN');
INSERT INTO `Country_Codes` (country_3_letter,country_2_letter) VALUES ('CIV','CI');
INSERT INTO `Country_Codes` (country_3_letter,country_2_letter) VALUES ('CMR','CM');
INSERT INTO `Country_Codes` (country_3_letter,country_2_letter) VALUES ('COD','CD');
INSERT INTO `Country_Codes` (country_3_letter,country_2_letter) VALUES ('COG','CG');
INSERT INTO `Country_Codes` (country_3_letter,country_2_letter) VALUES ('COK','CK');
INSERT INTO `Country_Codes` (country_3_letter,country_2_letter) VALUES ('COL','CO');
INSERT INTO `Country_Codes` (country_3_letter,country_2_letter) VALUES ('COM','KM');
INSERT INTO `Country_Codes` (country_3_letter,country_2_letter) VALUES ('CPV','CV');
INSERT INTO `Country_Codes` (country_3_letter,country_2_letter) VALUES ('CRI','CR');
INSERT INTO `Country_Codes` (country_3_letter,country_2_letter) VALUES ('CUB','CU');
INSERT INTO `Country_Codes` (country_3_letter,country_2_letter) VALUES ('CXR','CX');
INSERT INTO `Country_Codes` (country_3_letter,country_2_letter) VALUES ('CYM','KY');
INSERT INTO `Country_Codes` (country_3_letter,country_2_letter) VALUES ('CYP','CY');
INSERT INTO `Country_Codes` (country_3_letter,country_2_letter) VALUES ('CZE','CZ');
INSERT INTO `Country_Codes` (country_3_letter,country_2_letter) VALUES ('DEU','DE');
INSERT INTO `Country_Codes` (country_3_letter,country_2_letter) VALUES ('DJI','DJ');
INSERT INTO `Country_Codes` (country_3_letter,country_2_letter) VALUES ('DMA','DM');
INSERT INTO `Country_Codes` (country_3_letter,country_2_letter) VALUES ('DNK','DK');
INSERT INTO `Country_Codes` (country_3_letter,country_2_letter) VALUES ('DOM','DO');
INSERT INTO `Country_Codes` (country_3_letter,country_2_letter) VALUES ('DZA','DZ');
INSERT INTO `Country_Codes` (country_3_letter,country_2_letter) VALUES ('ECU','EC');
INSERT INTO `Country_Codes` (country_3_letter,country_2_letter) VALUES ('EGY','EG');
INSERT INTO `Country_Codes` (country_3_letter,country_2_letter) VALUES ('ERI','ER');
INSERT INTO `Country_Codes` (country_3_letter,country_2_letter) VALUES ('ESP','ES');
INSERT INTO `Country_Codes` (country_3_letter,country_2_letter) VALUES ('EST','EE');
INSERT INTO `Country_Codes` (country_3_letter,country_2_letter) VALUES ('ETH','ET');
INSERT INTO `Country_Codes` (country_3_letter,country_2_letter) VALUES ('FIN','FI');
INSERT INTO `Country_Codes` (country_3_letter,country_2_letter) VALUES ('FJI','FJ');
INSERT INTO `Country_Codes` (country_3_letter,country_2_letter) VALUES ('FLK','FK');
INSERT INTO `Country_Codes` (country_3_letter,country_2_letter) VALUES ('FRA','FR');
INSERT INTO `Country_Codes` (country_3_letter,country_2_letter) VALUES ('FRO','FO');
INSERT INTO `Country_Codes` (country_3_letter,country_2_letter) VALUES ('FSM','FM');
INSERT INTO `Country_Codes` (country_3_letter,country_2_letter) VALUES ('GAB','GA');
INSERT INTO `Country_Codes` (country_3_letter,country_2_letter) VALUES ('GBR','GB');
INSERT INTO `Country_Codes` (country_3_letter,country_2_letter) VALUES ('GEO','GE');
INSERT INTO `Country_Codes` (country_3_letter,country_2_letter) VALUES ('GGY','GG');
INSERT INTO `Country_Codes` (country_3_letter,country_2_letter) VALUES ('GHA','GH');
INSERT INTO `Country_Codes` (country_3_letter,country_2_letter) VALUES ('GIB','GI');
INSERT INTO `Country_Codes` (country_3_letter,country_2_letter) VALUES ('GIN','GN');
INSERT INTO `Country_Codes` (country_3_letter,country_2_letter) VALUES ('GLP','GP');
INSERT INTO `Country_Codes` (country_3_letter,country_2_letter) VALUES ('GMB','GM');
INSERT INTO `Country_Codes` (country_3_letter,country_2_letter) VALUES ('GNB','GW');
INSERT INTO `Country_Codes` (country_3_letter,country_2_letter) VALUES ('GNQ','GQ');
INSERT INTO `Country_Codes` (country_3_letter,country_2_letter) VALUES ('GRC','GR');
INSERT INTO `Country_Codes` (country_3_letter,country_2_letter) VALUES ('GRD','GD');
INSERT INTO `Country_Codes` (country_3_letter,country_2_letter) VALUES ('GRL','GL');
INSERT INTO `Country_Codes` (country_3_letter,country_2_letter) VALUES ('GTM','GT');
INSERT INTO `Country_Codes` (country_3_letter,country_2_letter) VALUES ('GUF','GF');
INSERT INTO `Country_Codes` (country_3_letter,country_2_letter) VALUES ('GUM','GU');
INSERT INTO `Country_Codes` (country_3_letter,country_2_letter) VALUES ('GUY','GY');
INSERT INTO `Country_Codes` (country_3_letter,country_2_letter) VALUES ('HKG','HK');
INSERT INTO `Country_Codes` (country_3_letter,country_2_letter) VALUES ('HMD','HM');
INSERT INTO `Country_Codes` (country_3_letter,country_2_letter) VALUES ('HND','HN');
INSERT INTO `Country_Codes` (country_3_letter,country_2_letter) VALUES ('HRV','HR');
INSERT INTO `Country_Codes` (country_3_letter,country_2_letter) VALUES ('HTI','HT');
INSERT INTO `Country_Codes` (country_3_letter,country_2_letter) VALUES ('HUN','HU');
INSERT INTO `Country_Codes` (country_3_letter,country_2_letter) VALUES ('IDN','ID');
INSERT INTO `Country_Codes` (country_3_letter,country_2_letter) VALUES ('IMN','IM');
INSERT INTO `Country_Codes` (country_3_letter,country_2_letter) VALUES ('IND','IN');
INSERT INTO `Country_Codes` (country_3_letter,country_2_letter) VALUES ('IOT','IO');
INSERT INTO `Country_Codes` (country_3_letter,country_2_letter) VALUES ('IRL','IE');
INSERT INTO `Country_Codes` (country_3_letter,country_2_letter) VALUES ('IRN','IR');
INSERT INTO `Country_Codes` (country_3_letter,country_2_letter) VALUES ('IRQ','IQ');
INSERT INTO `Country_Codes` (country_3_letter,country_2_letter) VALUES ('ISL','IS');
INSERT INTO `Country_Codes` (country_3_letter,country_2_letter) VALUES ('ISR','IL');
INSERT INTO `Country_Codes` (country_3_letter,country_2_letter) VALUES ('ITA','IT');
INSERT INTO `Country_Codes` (country_3_letter,country_2_letter) VALUES ('JAM','JM');
INSERT INTO `Country_Codes` (country_3_letter,country_2_letter) VALUES ('JEY','JE');
INSERT INTO `Country_Codes` (country_3_letter,country_2_letter) VALUES ('JOR','JO');
INSERT INTO `Country_Codes` (country_3_letter,country_2_letter) VALUES ('JPN','JP');
INSERT INTO `Country_Codes` (country_3_letter,country_2_letter) VALUES ('KAZ','KZ');
INSERT INTO `Country_Codes` (country_3_letter,country_2_letter) VALUES ('KEN','KE');
INSERT INTO `Country_Codes` (country_3_letter,country_2_letter) VALUES ('KGZ','KG');
INSERT INTO `Country_Codes` (country_3_letter,country_2_letter) VALUES ('KHM','KH');
INSERT INTO `Country_Codes` (country_3_letter,country_2_letter) VALUES ('KIR','KI');
INSERT INTO `Country_Codes` (country_3_letter,country_2_letter) VALUES ('KNA','KN');
INSERT INTO `Country_Codes` (country_3_letter,country_2_letter) VALUES ('KOR','KR');
INSERT INTO `Country_Codes` (country_3_letter,country_2_letter) VALUES ('KWT','KW');
INSERT INTO `Country_Codes` (country_3_letter,country_2_letter) VALUES ('LAO','LA');
INSERT INTO `Country_Codes` (country_3_letter,country_2_letter) VALUES ('LBN','LB');
INSERT INTO `Country_Codes` (country_3_letter,country_2_letter) VALUES ('LBR','LR');
INSERT INTO `Country_Codes` (country_3_letter,country_2_letter) VALUES ('LBY','LY');
INSERT INTO `Country_Codes` (country_3_letter,country_2_letter) VALUES ('LCA','LC');
INSERT INTO `Country_Codes` (country_3_letter,country_2_letter) VALUES ('LIE','LI');
INSERT INTO `Country_Codes` (country_3_letter,country_2_letter) VALUES ('LKA','LK');
INSERT INTO `Country_Codes` (country_3_letter,country_2_letter) VALUES ('LSO','LS');
INSERT INTO `Country_Codes` (country_3_letter,country_2_letter) VALUES ('LTU','LT');
INSERT INTO `Country_Codes` (country_3_letter,country_2_letter) VALUES ('LUX','LU');
INSERT INTO `Country_Codes` (country_3_letter,country_2_letter) VALUES ('LVA','LV');
INSERT INTO `Country_Codes` (country_3_letter,country_2_letter) VALUES ('MAC','MO');
INSERT INTO `Country_Codes` (country_3_letter,country_2_letter) VALUES ('MAR','MA');
INSERT INTO `Country_Codes` (country_3_letter,country_2_letter) VALUES ('MCO','MC');
INSERT INTO `Country_Codes` (country_3_letter,country_2_letter) VALUES ('MDA','MD');
INSERT INTO `Country_Codes` (country_3_letter,country_2_letter) VALUES ('MDG','MG');
INSERT INTO `Country_Codes` (country_3_letter,country_2_letter) VALUES ('MDV','MV');
INSERT INTO `Country_Codes` (country_3_letter,country_2_letter) VALUES ('MEX','MX');
INSERT INTO `Country_Codes` (country_3_letter,country_2_letter) VALUES ('MHL','MH');
INSERT INTO `Country_Codes` (country_3_letter,country_2_letter) VALUES ('MKD','MK');
INSERT INTO `Country_Codes` (country_3_letter,country_2_letter) VALUES ('MLI','ML');
INSERT INTO `Country_Codes` (country_3_letter,country_2_letter) VALUES ('MLT','MT');
INSERT INTO `Country_Codes` (country_3_letter,country_2_letter) VALUES ('MMR','MM');
INSERT INTO `Country_Codes` (country_3_letter,country_2_letter) VALUES ('MNE','ME');
INSERT INTO `Country_Codes` (country_3_letter,country_2_letter) VALUES ('MNG','MN');
INSERT INTO `Country_Codes` (country_3_letter,country_2_letter) VALUES ('MNP','MP');
INSERT INTO `Country_Codes` (country_3_letter,country_2_letter) VALUES ('MOZ','MZ');
INSERT INTO `Country_Codes` (country_3_letter,country_2_letter) VALUES ('MRT','MR');
INSERT INTO `Country_Codes` (country_3_letter,country_2_letter) VALUES ('MSR','MS');
INSERT INTO `Country_Codes` (country_3_letter,country_2_letter) VALUES ('MTQ','MQ');
INSERT INTO `Country_Codes` (country_3_letter,country_2_letter) VALUES ('MUS','MU');
INSERT INTO `Country_Codes` (country_3_letter,country_2_letter) VALUES ('MWI','MW');
INSERT INTO `Country_Codes` (country_3_letter,country_2_letter) VALUES ('MYS','MY');
INSERT INTO `Country_Codes` (country_3_letter,country_2_letter) VALUES ('MYT','YT');
INSERT INTO `Country_Codes` (country_3_letter,country_2_letter) VALUES ('NAM','NA');
INSERT INTO `Country_Codes` (country_3_letter,country_2_letter) VALUES ('NCL','NC');
INSERT INTO `Country_Codes` (country_3_letter,country_2_letter) VALUES ('NER','NE');
INSERT INTO `Country_Codes` (country_3_letter,country_2_letter) VALUES ('NFK','NF');
INSERT INTO `Country_Codes` (country_3_letter,country_2_letter) VALUES ('NGA','NG');
INSERT INTO `Country_Codes` (country_3_letter,country_2_letter) VALUES ('NIC','NI');
INSERT INTO `Country_Codes` (country_3_letter,country_2_letter) VALUES ('NIU','NU');
INSERT INTO `Country_Codes` (country_3_letter,country_2_letter) VALUES ('NLD','NL');
INSERT INTO `Country_Codes` (country_3_letter,country_2_letter) VALUES ('NOR','NO');
INSERT INTO `Country_Codes` (country_3_letter,country_2_letter) VALUES ('NPL','NP');
INSERT INTO `Country_Codes` (country_3_letter,country_2_letter) VALUES ('NRU','NR');
INSERT INTO `Country_Codes` (country_3_letter,country_2_letter) VALUES ('NZL','NZ');
INSERT INTO `Country_Codes` (country_3_letter,country_2_letter) VALUES ('OMN','OM');
INSERT INTO `Country_Codes` (country_3_letter,country_2_letter) VALUES ('PAK','PK');
INSERT INTO `Country_Codes` (country_3_letter,country_2_letter) VALUES ('PAN','PA');
INSERT INTO `Country_Codes` (country_3_letter,country_2_letter) VALUES ('PCN','PN');
INSERT INTO `Country_Codes` (country_3_letter,country_2_letter) VALUES ('PER','PE');
INSERT INTO `Country_Codes` (country_3_letter,country_2_letter) VALUES ('PHL','PH');
INSERT INTO `Country_Codes` (country_3_letter,country_2_letter) VALUES ('PLW','PW');
INSERT INTO `Country_Codes` (country_3_letter,country_2_letter) VALUES ('PNG','PG');
INSERT INTO `Country_Codes` (country_3_letter,country_2_letter) VALUES ('POL','PL');
INSERT INTO `Country_Codes` (country_3_letter,country_2_letter) VALUES ('PRI','PR');
INSERT INTO `Country_Codes` (country_3_letter,country_2_letter) VALUES ('PRK','KP');
INSERT INTO `Country_Codes` (country_3_letter,country_2_letter) VALUES ('PRT','PT');
INSERT INTO `Country_Codes` (country_3_letter,country_2_letter) VALUES ('PRY','PY');
INSERT INTO `Country_Codes` (country_3_letter,country_2_letter) VALUES ('PSE','PS');
INSERT INTO `Country_Codes` (country_3_letter,country_2_letter) VALUES ('PYF','PF');
INSERT INTO `Country_Codes` (country_3_letter,country_2_letter) VALUES ('QAT','QA');
INSERT INTO `Country_Codes` (country_3_letter,country_2_letter) VALUES ('REU','RE');
INSERT INTO `Country_Codes` (country_3_letter,country_2_letter) VALUES ('ROU','RO');
INSERT INTO `Country_Codes` (country_3_letter,country_2_letter) VALUES ('RUS','RU');
INSERT INTO `Country_Codes` (country_3_letter,country_2_letter) VALUES ('RWA','RW');
INSERT INTO `Country_Codes` (country_3_letter,country_2_letter) VALUES ('SAU','SA');
INSERT INTO `Country_Codes` (country_3_letter,country_2_letter) VALUES ('SDN','SD');
INSERT INTO `Country_Codes` (country_3_letter,country_2_letter) VALUES ('SEN','SN');
INSERT INTO `Country_Codes` (country_3_letter,country_2_letter) VALUES ('SGP','SG');
INSERT INTO `Country_Codes` (country_3_letter,country_2_letter) VALUES ('SGS','GS');
INSERT INTO `Country_Codes` (country_3_letter,country_2_letter) VALUES ('SHN','SH');
INSERT INTO `Country_Codes` (country_3_letter,country_2_letter) VALUES ('SJM','SJ');
INSERT INTO `Country_Codes` (country_3_letter,country_2_letter) VALUES ('SLB','SB');
INSERT INTO `Country_Codes` (country_3_letter,country_2_letter) VALUES ('SLE','SL');
INSERT INTO `Country_Codes` (country_3_letter,country_2_letter) VALUES ('SLV','SV');
INSERT INTO `Country_Codes` (country_3_letter,country_2_letter) VALUES ('SMR','SM');
INSERT INTO `Country_Codes` (country_3_letter,country_2_letter) VALUES ('SOM','SO');
INSERT INTO `Country_Codes` (country_3_letter,country_2_letter) VALUES ('SPM','PM');
INSERT INTO `Country_Codes` (country_3_letter,country_2_letter) VALUES ('SRB','RS');
INSERT INTO `Country_Codes` (country_3_letter,country_2_letter) VALUES ('STP','ST');
INSERT INTO `Country_Codes` (country_3_letter,country_2_letter) VALUES ('SUR','SR');
INSERT INTO `Country_Codes` (country_3_letter,country_2_letter) VALUES ('SVK','SK');
INSERT INTO `Country_Codes` (country_3_letter,country_2_letter) VALUES ('SVN','SI');
INSERT INTO `Country_Codes` (country_3_letter,country_2_letter) VALUES ('SWE','SE');
INSERT INTO `Country_Codes` (country_3_letter,country_2_letter) VALUES ('SWZ','SZ');
INSERT INTO `Country_Codes` (country_3_letter,country_2_letter) VALUES ('SYC','SC');
INSERT INTO `Country_Codes` (country_3_letter,country_2_letter) VALUES ('SYR','SY');
INSERT INTO `Country_Codes` (country_3_letter,country_2_letter) VALUES ('TAA','TA');
INSERT INTO `Country_Codes` (country_3_letter,country_2_letter) VALUES ('TCA','TC');
INSERT INTO `Country_Codes` (country_3_letter,country_2_letter) VALUES ('TCD','TD');
INSERT INTO `Country_Codes` (country_3_letter,country_2_letter) VALUES ('TGO','TG');
INSERT INTO `Country_Codes` (country_3_letter,country_2_letter) VALUES ('THA','TH');
INSERT INTO `Country_Codes` (country_3_letter,country_2_letter) VALUES ('TJK','TJ');
INSERT INTO `Country_Codes` (country_3_letter,country_2_letter) VALUES ('TKL','TK');
INSERT INTO `Country_Codes` (country_3_letter,country_2_letter) VALUES ('TKM','TM');
INSERT INTO `Country_Codes` (country_3_letter,country_2_letter) VALUES ('TLS','TL');
INSERT INTO `Country_Codes` (country_3_letter,country_2_letter) VALUES ('TON','TO');
INSERT INTO `Country_Codes` (country_3_letter,country_2_letter) VALUES ('TTO','TT');
INSERT INTO `Country_Codes` (country_3_letter,country_2_letter) VALUES ('TUN','TN');
INSERT INTO `Country_Codes` (country_3_letter,country_2_letter) VALUES ('TUR','TR');
INSERT INTO `Country_Codes` (country_3_letter,country_2_letter) VALUES ('TUV','TV');
INSERT INTO `Country_Codes` (country_3_letter,country_2_letter) VALUES ('TWN','TW');
INSERT INTO `Country_Codes` (country_3_letter,country_2_letter) VALUES ('TZA','TZ');
INSERT INTO `Country_Codes` (country_3_letter,country_2_letter) VALUES ('UGA','UG');
INSERT INTO `Country_Codes` (country_3_letter,country_2_letter) VALUES ('UKR','UA');
INSERT INTO `Country_Codes` (country_3_letter,country_2_letter) VALUES ('UMI','UM');
INSERT INTO `Country_Codes` (country_3_letter,country_2_letter) VALUES ('URY','UY');
INSERT INTO `Country_Codes` (country_3_letter,country_2_letter) VALUES ('USA','US');
INSERT INTO `Country_Codes` (country_3_letter,country_2_letter) VALUES ('UZB','UZ');
INSERT INTO `Country_Codes` (country_3_letter,country_2_letter) VALUES ('VAT','VA');
INSERT INTO `Country_Codes` (country_3_letter,country_2_letter) VALUES ('VCT','VC');
INSERT INTO `Country_Codes` (country_3_letter,country_2_letter) VALUES ('VEN','VE');
INSERT INTO `Country_Codes` (country_3_letter,country_2_letter) VALUES ('VGB','VG');
INSERT INTO `Country_Codes` (country_3_letter,country_2_letter) VALUES ('VIR','VI');
INSERT INTO `Country_Codes` (country_3_letter,country_2_letter) VALUES ('VNM','VN');
INSERT INTO `Country_Codes` (country_3_letter,country_2_letter) VALUES ('VUT','VU');
INSERT INTO `Country_Codes` (country_3_letter,country_2_letter) VALUES ('WLF','WF');
INSERT INTO `Country_Codes` (country_3_letter,country_2_letter) VALUES ('WSM','WS');
INSERT INTO `Country_Codes` (country_3_letter,country_2_letter) VALUES ('YEM','YE');
INSERT INTO `Country_Codes` (country_3_letter,country_2_letter) VALUES ('ZAF','ZA');
INSERT INTO `Country_Codes` (country_3_letter,country_2_letter) VALUES ('ZMB','ZM');
INSERT INTO `Country_Codes` (country_3_letter,country_2_letter) VALUES ('ZWE','ZW');



--
-- Dumping data for table `Country_Dialcodes`
--


INSERT INTO `Country_Dialcodes` (country_3_letter,international_dialcode,extended_dialcode) VALUES ('AFG','93','93');
INSERT INTO `Country_Dialcodes` (country_3_letter,international_dialcode,extended_dialcode) VALUES ('ALB','355','355');
INSERT INTO `Country_Dialcodes` (country_3_letter,international_dialcode,extended_dialcode) VALUES ('DZA','213','213');
INSERT INTO `Country_Dialcodes` (country_3_letter,international_dialcode,extended_dialcode) VALUES ('AND','376','376');
INSERT INTO `Country_Dialcodes` (country_3_letter,international_dialcode,extended_dialcode) VALUES ('AGO','244','244');
INSERT INTO `Country_Dialcodes` (country_3_letter,international_dialcode,extended_dialcode) VALUES ('ATG','1','1268');
INSERT INTO `Country_Dialcodes` (country_3_letter,international_dialcode,extended_dialcode) VALUES ('ARG','54','54');
INSERT INTO `Country_Dialcodes` (country_3_letter,international_dialcode,extended_dialcode) VALUES ('ARM','374','374');
INSERT INTO `Country_Dialcodes` (country_3_letter,international_dialcode,extended_dialcode) VALUES ('AUS','61','61');
INSERT INTO `Country_Dialcodes` (country_3_letter,international_dialcode,extended_dialcode) VALUES ('AUT','43','43');
INSERT INTO `Country_Dialcodes` (country_3_letter,international_dialcode,extended_dialcode) VALUES ('AZE','994','994');
INSERT INTO `Country_Dialcodes` (country_3_letter,international_dialcode,extended_dialcode) VALUES ('BHS','1','1242');
INSERT INTO `Country_Dialcodes` (country_3_letter,international_dialcode,extended_dialcode) VALUES ('BHR','973','973');
INSERT INTO `Country_Dialcodes` (country_3_letter,international_dialcode,extended_dialcode) VALUES ('BGD','880','880');
INSERT INTO `Country_Dialcodes` (country_3_letter,international_dialcode,extended_dialcode) VALUES ('BRB','1','1246');
INSERT INTO `Country_Dialcodes` (country_3_letter,international_dialcode,extended_dialcode) VALUES ('BLR','375','375');
INSERT INTO `Country_Dialcodes` (country_3_letter,international_dialcode,extended_dialcode) VALUES ('BEL','32','32');
INSERT INTO `Country_Dialcodes` (country_3_letter,international_dialcode,extended_dialcode) VALUES ('BLZ','501','501');
INSERT INTO `Country_Dialcodes` (country_3_letter,international_dialcode,extended_dialcode) VALUES ('BEN','229','229');
INSERT INTO `Country_Dialcodes` (country_3_letter,international_dialcode,extended_dialcode) VALUES ('BTN','975','975');
INSERT INTO `Country_Dialcodes` (country_3_letter,international_dialcode,extended_dialcode) VALUES ('BOL','591','591');
INSERT INTO `Country_Dialcodes` (country_3_letter,international_dialcode,extended_dialcode) VALUES ('BIH','387','387');
INSERT INTO `Country_Dialcodes` (country_3_letter,international_dialcode,extended_dialcode) VALUES ('BWA','267','267');
INSERT INTO `Country_Dialcodes` (country_3_letter,international_dialcode,extended_dialcode) VALUES ('BRA','55','55');
INSERT INTO `Country_Dialcodes` (country_3_letter,international_dialcode,extended_dialcode) VALUES ('BRN','673','673');
INSERT INTO `Country_Dialcodes` (country_3_letter,international_dialcode,extended_dialcode) VALUES ('BGR','359','359');
INSERT INTO `Country_Dialcodes` (country_3_letter,international_dialcode,extended_dialcode) VALUES ('BFA','226','226');
INSERT INTO `Country_Dialcodes` (country_3_letter,international_dialcode,extended_dialcode) VALUES ('BDI','257','257');
INSERT INTO `Country_Dialcodes` (country_3_letter,international_dialcode,extended_dialcode) VALUES ('KHM','855','855');
INSERT INTO `Country_Dialcodes` (country_3_letter,international_dialcode,extended_dialcode) VALUES ('CMR','237','237');
INSERT INTO `Country_Dialcodes` (country_3_letter,international_dialcode,extended_dialcode) VALUES ('CPV','238','238');
INSERT INTO `Country_Dialcodes` (country_3_letter,international_dialcode,extended_dialcode) VALUES ('CAF','236','236');
INSERT INTO `Country_Dialcodes` (country_3_letter,international_dialcode,extended_dialcode) VALUES ('TCD','235','235');
INSERT INTO `Country_Dialcodes` (country_3_letter,international_dialcode,extended_dialcode) VALUES ('CHL','56','56');
INSERT INTO `Country_Dialcodes` (country_3_letter,international_dialcode,extended_dialcode) VALUES ('CHN','86','86');
INSERT INTO `Country_Dialcodes` (country_3_letter,international_dialcode,extended_dialcode) VALUES ('COL','57','57');
INSERT INTO `Country_Dialcodes` (country_3_letter,international_dialcode,extended_dialcode) VALUES ('COM','269','269');
INSERT INTO `Country_Dialcodes` (country_3_letter,international_dialcode,extended_dialcode) VALUES ('COD','243','243');
INSERT INTO `Country_Dialcodes` (country_3_letter,international_dialcode,extended_dialcode) VALUES ('COG','242','242');
INSERT INTO `Country_Dialcodes` (country_3_letter,international_dialcode,extended_dialcode) VALUES ('CRI','506','506');
INSERT INTO `Country_Dialcodes` (country_3_letter,international_dialcode,extended_dialcode) VALUES ('CIV','225','225');
INSERT INTO `Country_Dialcodes` (country_3_letter,international_dialcode,extended_dialcode) VALUES ('HRV','385','385');
INSERT INTO `Country_Dialcodes` (country_3_letter,international_dialcode,extended_dialcode) VALUES ('CUB','53','53');
INSERT INTO `Country_Dialcodes` (country_3_letter,international_dialcode,extended_dialcode) VALUES ('CYP','357','357');
INSERT INTO `Country_Dialcodes` (country_3_letter,international_dialcode,extended_dialcode) VALUES ('CZE','420','420');
INSERT INTO `Country_Dialcodes` (country_3_letter,international_dialcode,extended_dialcode) VALUES ('DNK','45','45');
INSERT INTO `Country_Dialcodes` (country_3_letter,international_dialcode,extended_dialcode) VALUES ('DJI','253','253');
INSERT INTO `Country_Dialcodes` (country_3_letter,international_dialcode,extended_dialcode) VALUES ('DMA','1','1767');
INSERT INTO `Country_Dialcodes` (country_3_letter,international_dialcode,extended_dialcode) VALUES ('DOM','1','1849');
INSERT INTO `Country_Dialcodes` (country_3_letter,international_dialcode,extended_dialcode) VALUES ('DOM','1','1829');
INSERT INTO `Country_Dialcodes` (country_3_letter,international_dialcode,extended_dialcode) VALUES ('DOM','1','1809');
INSERT INTO `Country_Dialcodes` (country_3_letter,international_dialcode,extended_dialcode) VALUES ('ECU','593','593');
INSERT INTO `Country_Dialcodes` (country_3_letter,international_dialcode,extended_dialcode) VALUES ('EGY','20','20');
INSERT INTO `Country_Dialcodes` (country_3_letter,international_dialcode,extended_dialcode) VALUES ('SLV','503','503');
INSERT INTO `Country_Dialcodes` (country_3_letter,international_dialcode,extended_dialcode) VALUES ('GNQ','240','240');
INSERT INTO `Country_Dialcodes` (country_3_letter,international_dialcode,extended_dialcode) VALUES ('ERI','291','291');
INSERT INTO `Country_Dialcodes` (country_3_letter,international_dialcode,extended_dialcode) VALUES ('EST','372','372');
INSERT INTO `Country_Dialcodes` (country_3_letter,international_dialcode,extended_dialcode) VALUES ('ETH','251','251');
INSERT INTO `Country_Dialcodes` (country_3_letter,international_dialcode,extended_dialcode) VALUES ('FJI','679','679');
INSERT INTO `Country_Dialcodes` (country_3_letter,international_dialcode,extended_dialcode) VALUES ('FIN','358','358');
INSERT INTO `Country_Dialcodes` (country_3_letter,international_dialcode,extended_dialcode) VALUES ('FRA','33','33');
INSERT INTO `Country_Dialcodes` (country_3_letter,international_dialcode,extended_dialcode) VALUES ('GAB','241','241');
INSERT INTO `Country_Dialcodes` (country_3_letter,international_dialcode,extended_dialcode) VALUES ('GMB','220','220');
INSERT INTO `Country_Dialcodes` (country_3_letter,international_dialcode,extended_dialcode) VALUES ('GEO','995','995');
INSERT INTO `Country_Dialcodes` (country_3_letter,international_dialcode,extended_dialcode) VALUES ('DEU','49','49');
INSERT INTO `Country_Dialcodes` (country_3_letter,international_dialcode,extended_dialcode) VALUES ('GHA','233','233');
INSERT INTO `Country_Dialcodes` (country_3_letter,international_dialcode,extended_dialcode) VALUES ('GRC','30','30');
INSERT INTO `Country_Dialcodes` (country_3_letter,international_dialcode,extended_dialcode) VALUES ('GRD','1','1473');
INSERT INTO `Country_Dialcodes` (country_3_letter,international_dialcode,extended_dialcode) VALUES ('GTM','502','502');
INSERT INTO `Country_Dialcodes` (country_3_letter,international_dialcode,extended_dialcode) VALUES ('GIN','224','224');
INSERT INTO `Country_Dialcodes` (country_3_letter,international_dialcode,extended_dialcode) VALUES ('GNB','245','245');
INSERT INTO `Country_Dialcodes` (country_3_letter,international_dialcode,extended_dialcode) VALUES ('GUY','592','592');
INSERT INTO `Country_Dialcodes` (country_3_letter,international_dialcode,extended_dialcode) VALUES ('HTI','509','509');
INSERT INTO `Country_Dialcodes` (country_3_letter,international_dialcode,extended_dialcode) VALUES ('HND','504','504');
INSERT INTO `Country_Dialcodes` (country_3_letter,international_dialcode,extended_dialcode) VALUES ('HUN','36','36');
INSERT INTO `Country_Dialcodes` (country_3_letter,international_dialcode,extended_dialcode) VALUES ('ISL','354','354');
INSERT INTO `Country_Dialcodes` (country_3_letter,international_dialcode,extended_dialcode) VALUES ('IND','91','91');
INSERT INTO `Country_Dialcodes` (country_3_letter,international_dialcode,extended_dialcode) VALUES ('IDN','62','62');
INSERT INTO `Country_Dialcodes` (country_3_letter,international_dialcode,extended_dialcode) VALUES ('IRN','98','98');
INSERT INTO `Country_Dialcodes` (country_3_letter,international_dialcode,extended_dialcode) VALUES ('IRQ','964','964');
INSERT INTO `Country_Dialcodes` (country_3_letter,international_dialcode,extended_dialcode) VALUES ('IRL','353','353');
INSERT INTO `Country_Dialcodes` (country_3_letter,international_dialcode,extended_dialcode) VALUES ('ISR','972','972');
INSERT INTO `Country_Dialcodes` (country_3_letter,international_dialcode,extended_dialcode) VALUES ('ITA','39','39');
INSERT INTO `Country_Dialcodes` (country_3_letter,international_dialcode,extended_dialcode) VALUES ('JAM','1','1876');
INSERT INTO `Country_Dialcodes` (country_3_letter,international_dialcode,extended_dialcode) VALUES ('JPN','81','81');
INSERT INTO `Country_Dialcodes` (country_3_letter,international_dialcode,extended_dialcode) VALUES ('JOR','962','962');
INSERT INTO `Country_Dialcodes` (country_3_letter,international_dialcode,extended_dialcode) VALUES ('KEN','254','254');
INSERT INTO `Country_Dialcodes` (country_3_letter,international_dialcode,extended_dialcode) VALUES ('KIR','686','686');
INSERT INTO `Country_Dialcodes` (country_3_letter,international_dialcode,extended_dialcode) VALUES ('PRK','850','850');
INSERT INTO `Country_Dialcodes` (country_3_letter,international_dialcode,extended_dialcode) VALUES ('KOR','82','82');
INSERT INTO `Country_Dialcodes` (country_3_letter,international_dialcode,extended_dialcode) VALUES ('KWT','965','965');
INSERT INTO `Country_Dialcodes` (country_3_letter,international_dialcode,extended_dialcode) VALUES ('KGZ','996','996');
INSERT INTO `Country_Dialcodes` (country_3_letter,international_dialcode,extended_dialcode) VALUES ('LAO','856','856');
INSERT INTO `Country_Dialcodes` (country_3_letter,international_dialcode,extended_dialcode) VALUES ('LVA','371','371');
INSERT INTO `Country_Dialcodes` (country_3_letter,international_dialcode,extended_dialcode) VALUES ('LBN','961','961');
INSERT INTO `Country_Dialcodes` (country_3_letter,international_dialcode,extended_dialcode) VALUES ('LSO','266','266');
INSERT INTO `Country_Dialcodes` (country_3_letter,international_dialcode,extended_dialcode) VALUES ('LBR','231','231');
INSERT INTO `Country_Dialcodes` (country_3_letter,international_dialcode,extended_dialcode) VALUES ('LBY','218','218');
INSERT INTO `Country_Dialcodes` (country_3_letter,international_dialcode,extended_dialcode) VALUES ('LIE','423','423');
INSERT INTO `Country_Dialcodes` (country_3_letter,international_dialcode,extended_dialcode) VALUES ('LTU','370','370');
INSERT INTO `Country_Dialcodes` (country_3_letter,international_dialcode,extended_dialcode) VALUES ('LUX','352','352');
INSERT INTO `Country_Dialcodes` (country_3_letter,international_dialcode,extended_dialcode) VALUES ('MKD','389','389');
INSERT INTO `Country_Dialcodes` (country_3_letter,international_dialcode,extended_dialcode) VALUES ('MDG','261','261');
INSERT INTO `Country_Dialcodes` (country_3_letter,international_dialcode,extended_dialcode) VALUES ('MWI','265','265');
INSERT INTO `Country_Dialcodes` (country_3_letter,international_dialcode,extended_dialcode) VALUES ('MYS','60','60');
INSERT INTO `Country_Dialcodes` (country_3_letter,international_dialcode,extended_dialcode) VALUES ('MDV','960','960');
INSERT INTO `Country_Dialcodes` (country_3_letter,international_dialcode,extended_dialcode) VALUES ('MLI','223','223');
INSERT INTO `Country_Dialcodes` (country_3_letter,international_dialcode,extended_dialcode) VALUES ('MLT','356','356');
INSERT INTO `Country_Dialcodes` (country_3_letter,international_dialcode,extended_dialcode) VALUES ('MHL','692','692');
INSERT INTO `Country_Dialcodes` (country_3_letter,international_dialcode,extended_dialcode) VALUES ('MRT','222','222');
INSERT INTO `Country_Dialcodes` (country_3_letter,international_dialcode,extended_dialcode) VALUES ('MUS','230','230');
INSERT INTO `Country_Dialcodes` (country_3_letter,international_dialcode,extended_dialcode) VALUES ('MEX','52','52');
INSERT INTO `Country_Dialcodes` (country_3_letter,international_dialcode,extended_dialcode) VALUES ('FSM','691','691');
INSERT INTO `Country_Dialcodes` (country_3_letter,international_dialcode,extended_dialcode) VALUES ('MDA','373','373');
INSERT INTO `Country_Dialcodes` (country_3_letter,international_dialcode,extended_dialcode) VALUES ('MCO','377','377');
INSERT INTO `Country_Dialcodes` (country_3_letter,international_dialcode,extended_dialcode) VALUES ('MNG','976','976');
INSERT INTO `Country_Dialcodes` (country_3_letter,international_dialcode,extended_dialcode) VALUES ('MNE','382','382');
INSERT INTO `Country_Dialcodes` (country_3_letter,international_dialcode,extended_dialcode) VALUES ('MAR','212','212');
INSERT INTO `Country_Dialcodes` (country_3_letter,international_dialcode,extended_dialcode) VALUES ('MOZ','258','258');
INSERT INTO `Country_Dialcodes` (country_3_letter,international_dialcode,extended_dialcode) VALUES ('MMR','95','95');
INSERT INTO `Country_Dialcodes` (country_3_letter,international_dialcode,extended_dialcode) VALUES ('NAM','264','264');
INSERT INTO `Country_Dialcodes` (country_3_letter,international_dialcode,extended_dialcode) VALUES ('NRU','674','674');
INSERT INTO `Country_Dialcodes` (country_3_letter,international_dialcode,extended_dialcode) VALUES ('NPL','977','977');
INSERT INTO `Country_Dialcodes` (country_3_letter,international_dialcode,extended_dialcode) VALUES ('NLD','31','31');
INSERT INTO `Country_Dialcodes` (country_3_letter,international_dialcode,extended_dialcode) VALUES ('NZL','64','64');
INSERT INTO `Country_Dialcodes` (country_3_letter,international_dialcode,extended_dialcode) VALUES ('NIC','505','505');
INSERT INTO `Country_Dialcodes` (country_3_letter,international_dialcode,extended_dialcode) VALUES ('NER','227','227');
INSERT INTO `Country_Dialcodes` (country_3_letter,international_dialcode,extended_dialcode) VALUES ('NGA','234','234');
INSERT INTO `Country_Dialcodes` (country_3_letter,international_dialcode,extended_dialcode) VALUES ('NOR','47','47');
INSERT INTO `Country_Dialcodes` (country_3_letter,international_dialcode,extended_dialcode) VALUES ('OMN','968','968');
INSERT INTO `Country_Dialcodes` (country_3_letter,international_dialcode,extended_dialcode) VALUES ('PAK','92','92');
INSERT INTO `Country_Dialcodes` (country_3_letter,international_dialcode,extended_dialcode) VALUES ('PLW','680','680');
INSERT INTO `Country_Dialcodes` (country_3_letter,international_dialcode,extended_dialcode) VALUES ('PAN','507','507');
INSERT INTO `Country_Dialcodes` (country_3_letter,international_dialcode,extended_dialcode) VALUES ('PNG','675','675');
INSERT INTO `Country_Dialcodes` (country_3_letter,international_dialcode,extended_dialcode) VALUES ('PRY','595','595');
INSERT INTO `Country_Dialcodes` (country_3_letter,international_dialcode,extended_dialcode) VALUES ('PER','51','51');
INSERT INTO `Country_Dialcodes` (country_3_letter,international_dialcode,extended_dialcode) VALUES ('PHL','63','63');
INSERT INTO `Country_Dialcodes` (country_3_letter,international_dialcode,extended_dialcode) VALUES ('POL','48','48');
INSERT INTO `Country_Dialcodes` (country_3_letter,international_dialcode,extended_dialcode) VALUES ('PRT','351','351');
INSERT INTO `Country_Dialcodes` (country_3_letter,international_dialcode,extended_dialcode) VALUES ('QAT','974','974');
INSERT INTO `Country_Dialcodes` (country_3_letter,international_dialcode,extended_dialcode) VALUES ('ROU','40','40');
INSERT INTO `Country_Dialcodes` (country_3_letter,international_dialcode,extended_dialcode) VALUES ('RUS','7','7');
INSERT INTO `Country_Dialcodes` (country_3_letter,international_dialcode,extended_dialcode) VALUES ('RWA','250','250');
INSERT INTO `Country_Dialcodes` (country_3_letter,international_dialcode,extended_dialcode) VALUES ('KNA','1','1869');
INSERT INTO `Country_Dialcodes` (country_3_letter,international_dialcode,extended_dialcode) VALUES ('LCA','1','1758');
INSERT INTO `Country_Dialcodes` (country_3_letter,international_dialcode,extended_dialcode) VALUES ('VCT','1','1784');
INSERT INTO `Country_Dialcodes` (country_3_letter,international_dialcode,extended_dialcode) VALUES ('WSM','685','685');
INSERT INTO `Country_Dialcodes` (country_3_letter,international_dialcode,extended_dialcode) VALUES ('SMR','378','378');
INSERT INTO `Country_Dialcodes` (country_3_letter,international_dialcode,extended_dialcode) VALUES ('STP','239','239');
INSERT INTO `Country_Dialcodes` (country_3_letter,international_dialcode,extended_dialcode) VALUES ('SAU','966','966');
INSERT INTO `Country_Dialcodes` (country_3_letter,international_dialcode,extended_dialcode) VALUES ('SEN','221','221');
INSERT INTO `Country_Dialcodes` (country_3_letter,international_dialcode,extended_dialcode) VALUES ('SRB','381','381');
INSERT INTO `Country_Dialcodes` (country_3_letter,international_dialcode,extended_dialcode) VALUES ('SYC','248','248');
INSERT INTO `Country_Dialcodes` (country_3_letter,international_dialcode,extended_dialcode) VALUES ('SLE','232','232');
INSERT INTO `Country_Dialcodes` (country_3_letter,international_dialcode,extended_dialcode) VALUES ('SGP','65','65');
INSERT INTO `Country_Dialcodes` (country_3_letter,international_dialcode,extended_dialcode) VALUES ('SVK','421','421');
INSERT INTO `Country_Dialcodes` (country_3_letter,international_dialcode,extended_dialcode) VALUES ('SVN','386','386');
INSERT INTO `Country_Dialcodes` (country_3_letter,international_dialcode,extended_dialcode) VALUES ('SLB','677','677');
INSERT INTO `Country_Dialcodes` (country_3_letter,international_dialcode,extended_dialcode) VALUES ('SOM','252','252');
INSERT INTO `Country_Dialcodes` (country_3_letter,international_dialcode,extended_dialcode) VALUES ('ZAF','27','27');
INSERT INTO `Country_Dialcodes` (country_3_letter,international_dialcode,extended_dialcode) VALUES ('ESP','34','34');
INSERT INTO `Country_Dialcodes` (country_3_letter,international_dialcode,extended_dialcode) VALUES ('LKA','94','94');
INSERT INTO `Country_Dialcodes` (country_3_letter,international_dialcode,extended_dialcode) VALUES ('SDN','249','249');
INSERT INTO `Country_Dialcodes` (country_3_letter,international_dialcode,extended_dialcode) VALUES ('SUR','597','597');
INSERT INTO `Country_Dialcodes` (country_3_letter,international_dialcode,extended_dialcode) VALUES ('SWZ','268','268');
INSERT INTO `Country_Dialcodes` (country_3_letter,international_dialcode,extended_dialcode) VALUES ('SWE','46','46');
INSERT INTO `Country_Dialcodes` (country_3_letter,international_dialcode,extended_dialcode) VALUES ('CHE','41','41');
INSERT INTO `Country_Dialcodes` (country_3_letter,international_dialcode,extended_dialcode) VALUES ('SYR','963','963');
INSERT INTO `Country_Dialcodes` (country_3_letter,international_dialcode,extended_dialcode) VALUES ('TJK','992','992');
INSERT INTO `Country_Dialcodes` (country_3_letter,international_dialcode,extended_dialcode) VALUES ('TZA','255','255');
INSERT INTO `Country_Dialcodes` (country_3_letter,international_dialcode,extended_dialcode) VALUES ('THA','66','66');
INSERT INTO `Country_Dialcodes` (country_3_letter,international_dialcode,extended_dialcode) VALUES ('TLS','670','670');
INSERT INTO `Country_Dialcodes` (country_3_letter,international_dialcode,extended_dialcode) VALUES ('TGO','228','228');
INSERT INTO `Country_Dialcodes` (country_3_letter,international_dialcode,extended_dialcode) VALUES ('TON','676','676');
INSERT INTO `Country_Dialcodes` (country_3_letter,international_dialcode,extended_dialcode) VALUES ('TTO','1','1868');
INSERT INTO `Country_Dialcodes` (country_3_letter,international_dialcode,extended_dialcode) VALUES ('TUN','216','216');
INSERT INTO `Country_Dialcodes` (country_3_letter,international_dialcode,extended_dialcode) VALUES ('TUR','90','90');
INSERT INTO `Country_Dialcodes` (country_3_letter,international_dialcode,extended_dialcode) VALUES ('TKM','993','993');
INSERT INTO `Country_Dialcodes` (country_3_letter,international_dialcode,extended_dialcode) VALUES ('TUV','688','688');
INSERT INTO `Country_Dialcodes` (country_3_letter,international_dialcode,extended_dialcode) VALUES ('UGA','256','256');
INSERT INTO `Country_Dialcodes` (country_3_letter,international_dialcode,extended_dialcode) VALUES ('UKR','380','380');
INSERT INTO `Country_Dialcodes` (country_3_letter,international_dialcode,extended_dialcode) VALUES ('ARE','971','971');
INSERT INTO `Country_Dialcodes` (country_3_letter,international_dialcode,extended_dialcode) VALUES ('GBR','44','44');
INSERT INTO `Country_Dialcodes` (country_3_letter,international_dialcode,extended_dialcode) VALUES ('USA','1','1');
INSERT INTO `Country_Dialcodes` (country_3_letter,international_dialcode,extended_dialcode) VALUES ('URY','598','598');
INSERT INTO `Country_Dialcodes` (country_3_letter,international_dialcode,extended_dialcode) VALUES ('UZB','998','998');
INSERT INTO `Country_Dialcodes` (country_3_letter,international_dialcode,extended_dialcode) VALUES ('VUT','678','678');
INSERT INTO `Country_Dialcodes` (country_3_letter,international_dialcode,extended_dialcode) VALUES ('VAT','379','379');
INSERT INTO `Country_Dialcodes` (country_3_letter,international_dialcode,extended_dialcode) VALUES ('VEN','58','58');
INSERT INTO `Country_Dialcodes` (country_3_letter,international_dialcode,extended_dialcode) VALUES ('VNM','84','84');
INSERT INTO `Country_Dialcodes` (country_3_letter,international_dialcode,extended_dialcode) VALUES ('YEM','967','967');
INSERT INTO `Country_Dialcodes` (country_3_letter,international_dialcode,extended_dialcode) VALUES ('ZMB','260','260');
INSERT INTO `Country_Dialcodes` (country_3_letter,international_dialcode,extended_dialcode) VALUES ('ZWE','263','263');
INSERT INTO `Country_Dialcodes` (country_3_letter,international_dialcode,extended_dialcode) VALUES ('TWN','886','886');
INSERT INTO `Country_Dialcodes` (country_3_letter,international_dialcode,extended_dialcode) VALUES ('AZE','374','37497');
INSERT INTO `Country_Dialcodes` (country_3_letter,international_dialcode,extended_dialcode) VALUES ('CYP','90','90392');
INSERT INTO `Country_Dialcodes` (country_3_letter,international_dialcode,extended_dialcode) VALUES ('MDA','373','373533');
INSERT INTO `Country_Dialcodes` (country_3_letter,international_dialcode,extended_dialcode) VALUES ('NFK','672','672');
INSERT INTO `Country_Dialcodes` (country_3_letter,international_dialcode,extended_dialcode) VALUES ('NCL','687','687');
INSERT INTO `Country_Dialcodes` (country_3_letter,international_dialcode,extended_dialcode) VALUES ('PYF','689','689');
INSERT INTO `Country_Dialcodes` (country_3_letter,international_dialcode,extended_dialcode) VALUES ('GLP','590','590');
INSERT INTO `Country_Dialcodes` (country_3_letter,international_dialcode,extended_dialcode) VALUES ('SPM','508','508');
INSERT INTO `Country_Dialcodes` (country_3_letter,international_dialcode,extended_dialcode) VALUES ('WLF','681','681');
INSERT INTO `Country_Dialcodes` (country_3_letter,international_dialcode,extended_dialcode) VALUES ('COK','682','682');
INSERT INTO `Country_Dialcodes` (country_3_letter,international_dialcode,extended_dialcode) VALUES ('NIU','683','683');
INSERT INTO `Country_Dialcodes` (country_3_letter,international_dialcode,extended_dialcode) VALUES ('TKL','690','690');
INSERT INTO `Country_Dialcodes` (country_3_letter,international_dialcode,extended_dialcode) VALUES ('AIA','1','1264');
INSERT INTO `Country_Dialcodes` (country_3_letter,international_dialcode,extended_dialcode) VALUES ('BMU','1','1441');
INSERT INTO `Country_Dialcodes` (country_3_letter,international_dialcode,extended_dialcode) VALUES ('IOT','246','246');
INSERT INTO `Country_Dialcodes` (country_3_letter,international_dialcode,extended_dialcode) VALUES ('VGB','1','1284');
INSERT INTO `Country_Dialcodes` (country_3_letter,international_dialcode,extended_dialcode) VALUES ('CYM','1','1345');
INSERT INTO `Country_Dialcodes` (country_3_letter,international_dialcode,extended_dialcode) VALUES ('FLK','500','500');
INSERT INTO `Country_Dialcodes` (country_3_letter,international_dialcode,extended_dialcode) VALUES ('GIB','350','350');
INSERT INTO `Country_Dialcodes` (country_3_letter,international_dialcode,extended_dialcode) VALUES ('MSR','1','1664');
INSERT INTO `Country_Dialcodes` (country_3_letter,international_dialcode,extended_dialcode) VALUES ('SHN','290','290');
INSERT INTO `Country_Dialcodes` (country_3_letter,international_dialcode,extended_dialcode) VALUES ('TCA','1','1649');
INSERT INTO `Country_Dialcodes` (country_3_letter,international_dialcode,extended_dialcode) VALUES ('MNP','1','1670');
INSERT INTO `Country_Dialcodes` (country_3_letter,international_dialcode,extended_dialcode) VALUES ('PRI','1','1939');
INSERT INTO `Country_Dialcodes` (country_3_letter,international_dialcode,extended_dialcode) VALUES ('PRI','1','1787');
INSERT INTO `Country_Dialcodes` (country_3_letter,international_dialcode,extended_dialcode) VALUES ('ASM','1','1684');
INSERT INTO `Country_Dialcodes` (country_3_letter,international_dialcode,extended_dialcode) VALUES ('GUM','1','1671');
INSERT INTO `Country_Dialcodes` (country_3_letter,international_dialcode,extended_dialcode) VALUES ('VIR','1','1340');
INSERT INTO `Country_Dialcodes` (country_3_letter,international_dialcode,extended_dialcode) VALUES ('HKG','852','852');
INSERT INTO `Country_Dialcodes` (country_3_letter,international_dialcode,extended_dialcode) VALUES ('MAC','853','853');
INSERT INTO `Country_Dialcodes` (country_3_letter,international_dialcode,extended_dialcode) VALUES ('FRO','298','298');
INSERT INTO `Country_Dialcodes` (country_3_letter,international_dialcode,extended_dialcode) VALUES ('GRL','299','299');
INSERT INTO `Country_Dialcodes` (country_3_letter,international_dialcode,extended_dialcode) VALUES ('GUF','594','594');
INSERT INTO `Country_Dialcodes` (country_3_letter,international_dialcode,extended_dialcode) VALUES ('MTQ','596','596');
INSERT INTO `Country_Dialcodes` (country_3_letter,international_dialcode,extended_dialcode) VALUES ('REU','262','262');
INSERT INTO `Country_Dialcodes` (country_3_letter,international_dialcode,extended_dialcode) VALUES ('ALA','358','35818');
INSERT INTO `Country_Dialcodes` (country_3_letter,international_dialcode,extended_dialcode) VALUES ('ABW','297','297');
INSERT INTO `Country_Dialcodes` (country_3_letter,international_dialcode,extended_dialcode) VALUES ('ANT','599','599');
INSERT INTO `Country_Dialcodes` (country_3_letter,international_dialcode,extended_dialcode) VALUES ('ASC','247','247');
INSERT INTO `Country_Dialcodes` (country_3_letter,international_dialcode,extended_dialcode) VALUES ('PSE','970','970');
INSERT INTO `Country_Dialcodes` (country_3_letter,international_dialcode,extended_dialcode) VALUES ('CAN','1','1204');
INSERT INTO `Country_Dialcodes` (country_3_letter,international_dialcode,extended_dialcode) VALUES ('CAN','1','1289');
INSERT INTO `Country_Dialcodes` (country_3_letter,international_dialcode,extended_dialcode) VALUES ('CAN','1','1306');
INSERT INTO `Country_Dialcodes` (country_3_letter,international_dialcode,extended_dialcode) VALUES ('CAN','1','1403');
INSERT INTO `Country_Dialcodes` (country_3_letter,international_dialcode,extended_dialcode) VALUES ('CAN','1','1416');
INSERT INTO `Country_Dialcodes` (country_3_letter,international_dialcode,extended_dialcode) VALUES ('CAN','1','1418');
INSERT INTO `Country_Dialcodes` (country_3_letter,international_dialcode,extended_dialcode) VALUES ('CAN','1','1450');
INSERT INTO `Country_Dialcodes` (country_3_letter,international_dialcode,extended_dialcode) VALUES ('CAN','1','1506');
INSERT INTO `Country_Dialcodes` (country_3_letter,international_dialcode,extended_dialcode) VALUES ('CAN','1','1514');
INSERT INTO `Country_Dialcodes` (country_3_letter,international_dialcode,extended_dialcode) VALUES ('CAN','1','1519');
INSERT INTO `Country_Dialcodes` (country_3_letter,international_dialcode,extended_dialcode) VALUES ('CAN','1','1604');
INSERT INTO `Country_Dialcodes` (country_3_letter,international_dialcode,extended_dialcode) VALUES ('CAN','1','1613');
INSERT INTO `Country_Dialcodes` (country_3_letter,international_dialcode,extended_dialcode) VALUES ('CAN','1','1647');
INSERT INTO `Country_Dialcodes` (country_3_letter,international_dialcode,extended_dialcode) VALUES ('CAN','1','1705');
INSERT INTO `Country_Dialcodes` (country_3_letter,international_dialcode,extended_dialcode) VALUES ('CAN','1','1709');
INSERT INTO `Country_Dialcodes` (country_3_letter,international_dialcode,extended_dialcode) VALUES ('CAN','1','1778');
INSERT INTO `Country_Dialcodes` (country_3_letter,international_dialcode,extended_dialcode) VALUES ('CAN','1','1780');
INSERT INTO `Country_Dialcodes` (country_3_letter,international_dialcode,extended_dialcode) VALUES ('CAN','1','1807');
INSERT INTO `Country_Dialcodes` (country_3_letter,international_dialcode,extended_dialcode) VALUES ('CAN','1','1819');
INSERT INTO `Country_Dialcodes` (country_3_letter,international_dialcode,extended_dialcode) VALUES ('CAN','1','1867');
INSERT INTO `Country_Dialcodes` (country_3_letter,international_dialcode,extended_dialcode) VALUES ('CAN','1','1902');
INSERT INTO `Country_Dialcodes` (country_3_letter,international_dialcode,extended_dialcode) VALUES ('CAN','1','1905');
INSERT INTO `Country_Dialcodes` (country_3_letter,international_dialcode,extended_dialcode) VALUES ('GGY','44','441481');
INSERT INTO `Country_Dialcodes` (country_3_letter,international_dialcode,extended_dialcode) VALUES ('JEY','44','441534');
INSERT INTO `Country_Dialcodes` (country_3_letter,international_dialcode,extended_dialcode) VALUES ('IMN','44','441624');
INSERT INTO `Country_Dialcodes` (country_3_letter,international_dialcode,extended_dialcode) VALUES ('CXR','61','6189162');
INSERT INTO `Country_Dialcodes` (country_3_letter,international_dialcode,extended_dialcode) VALUES ('CCK','61','6189164');
INSERT INTO `Country_Dialcodes` (country_3_letter,international_dialcode,extended_dialcode) VALUES ('KAZ','7','72131');
INSERT INTO `Country_Dialcodes` (country_3_letter,international_dialcode,extended_dialcode) VALUES ('KAZ','7','72532');
INSERT INTO `Country_Dialcodes` (country_3_letter,international_dialcode,extended_dialcode) VALUES ('KAZ','7','71033');
INSERT INTO `Country_Dialcodes` (country_3_letter,international_dialcode,extended_dialcode) VALUES ('KAZ','7','71638');
INSERT INTO `Country_Dialcodes` (country_3_letter,international_dialcode,extended_dialcode) VALUES ('KAZ','7','72641');
INSERT INTO `Country_Dialcodes` (country_3_letter,international_dialcode,extended_dialcode) VALUES ('KAZ','7','71839');
INSERT INTO `Country_Dialcodes` (country_3_letter,international_dialcode,extended_dialcode) VALUES ('KAZ','7','71231');
INSERT INTO `Country_Dialcodes` (country_3_letter,international_dialcode,extended_dialcode) VALUES ('KAZ','7','71133');
INSERT INTO `Country_Dialcodes` (country_3_letter,international_dialcode,extended_dialcode) VALUES ('KAZ','7','72757');
INSERT INTO `Country_Dialcodes` (country_3_letter,international_dialcode,extended_dialcode) VALUES ('KAZ','7','71837');
INSERT INTO `Country_Dialcodes` (country_3_letter,international_dialcode,extended_dialcode) VALUES ('KAZ','7','72346');
INSERT INTO `Country_Dialcodes` (country_3_letter,international_dialcode,extended_dialcode) VALUES ('KAZ','7','71031');
INSERT INTO `Country_Dialcodes` (country_3_letter,international_dialcode,extended_dialcode) VALUES ('KAZ','7','72531');
INSERT INTO `Country_Dialcodes` (country_3_letter,international_dialcode,extended_dialcode) VALUES ('KAZ','7','721344');
INSERT INTO `Country_Dialcodes` (country_3_letter,international_dialcode,extended_dialcode) VALUES ('KAZ','7','721394');
INSERT INTO `Country_Dialcodes` (country_3_letter,international_dialcode,extended_dialcode) VALUES ('KAZ','7','7292');
INSERT INTO `Country_Dialcodes` (country_3_letter,international_dialcode,extended_dialcode) VALUES ('KAZ','7','7132');
INSERT INTO `Country_Dialcodes` (country_3_letter,international_dialcode,extended_dialcode) VALUES ('KAZ','7','71037');
INSERT INTO `Country_Dialcodes` (country_3_letter,international_dialcode,extended_dialcode) VALUES ('KAZ','7','71841');
INSERT INTO `Country_Dialcodes` (country_3_letter,international_dialcode,extended_dialcode) VALUES ('KAZ','7','71143');
INSERT INTO `Country_Dialcodes` (country_3_letter,international_dialcode,extended_dialcode) VALUES ('KAZ','7','710363');
INSERT INTO `Country_Dialcodes` (country_3_letter,international_dialcode,extended_dialcode) VALUES ('KAZ','7','72344');
INSERT INTO `Country_Dialcodes` (country_3_letter,international_dialcode,extended_dialcode) VALUES ('KAZ','7','71337');
INSERT INTO `Country_Dialcodes` (country_3_letter,international_dialcode,extended_dialcode) VALUES ('KAZ','7','7272');
INSERT INTO `Country_Dialcodes` (country_3_letter,international_dialcode,extended_dialcode) VALUES ('KAZ','7','7273');
INSERT INTO `Country_Dialcodes` (country_3_letter,international_dialcode,extended_dialcode) VALUES ('KAZ','7','71440');
INSERT INTO `Country_Dialcodes` (country_3_letter,international_dialcode,extended_dialcode) VALUES ('KAZ','7','72433');
INSERT INTO `Country_Dialcodes` (country_3_letter,international_dialcode,extended_dialcode) VALUES ('KAZ','7','71430');
INSERT INTO `Country_Dialcodes` (country_3_letter,international_dialcode,extended_dialcode) VALUES ('KAZ','7','71644');
INSERT INTO `Country_Dialcodes` (country_3_letter,international_dialcode,extended_dialcode) VALUES ('KAZ','7','72540');
INSERT INTO `Country_Dialcodes` (country_3_letter,international_dialcode,extended_dialcode) VALUES ('KAZ','7','72633');
INSERT INTO `Country_Dialcodes` (country_3_letter,international_dialcode,extended_dialcode) VALUES ('KAZ','7','71641');
INSERT INTO `Country_Dialcodes` (country_3_letter,international_dialcode,extended_dialcode) VALUES ('KAZ','7','72542');
INSERT INTO `Country_Dialcodes` (country_3_letter,international_dialcode,extended_dialcode) VALUES ('KAZ','7','71030');
INSERT INTO `Country_Dialcodes` (country_3_letter,international_dialcode,extended_dialcode) VALUES ('KAZ','7','71643');
INSERT INTO `Country_Dialcodes` (country_3_letter,international_dialcode,extended_dialcode) VALUES ('KAZ','7','7122');
INSERT INTO `Country_Dialcodes` (country_3_letter,international_dialcode,extended_dialcode) VALUES ('KAZ','7','71453');
INSERT INTO `Country_Dialcodes` (country_3_letter,international_dialcode,extended_dialcode) VALUES ('KAZ','7','72237');
INSERT INTO `Country_Dialcodes` (country_3_letter,international_dialcode,extended_dialcode) VALUES ('KAZ','7','72438');
INSERT INTO `Country_Dialcodes` (country_3_letter,international_dialcode,extended_dialcode) VALUES ('KAZ','7','71342');
INSERT INTO `Country_Dialcodes` (country_3_letter,international_dialcode,extended_dialcode) VALUES ('KAZ','7','72773');
INSERT INTO `Country_Dialcodes` (country_3_letter,international_dialcode,extended_dialcode) VALUES ('KAZ','7','71036');
INSERT INTO `Country_Dialcodes` (country_3_letter,international_dialcode,extended_dialcode) VALUES ('KAZ','7','71640');
INSERT INTO `Country_Dialcodes` (country_3_letter,international_dialcode,extended_dialcode) VALUES ('KAZ','7','72838');
INSERT INTO `Country_Dialcodes` (country_3_letter,international_dialcode,extended_dialcode) VALUES ('KAZ','7','72246');
INSERT INTO `Country_Dialcodes` (country_3_letter,international_dialcode,extended_dialcode) VALUES ('KAZ','7','72635');
INSERT INTO `Country_Dialcodes` (country_3_letter,international_dialcode,extended_dialcode) VALUES ('KAZ','7','71840');
INSERT INTO `Country_Dialcodes` (country_3_letter,international_dialcode,extended_dialcode) VALUES ('KAZ','7','71345');
INSERT INTO `Country_Dialcodes` (country_3_letter,international_dialcode,extended_dialcode) VALUES ('KAZ','7','73622');
INSERT INTO `Country_Dialcodes` (country_3_letter,international_dialcode,extended_dialcode) VALUES ('KAZ','7','72932');
INSERT INTO `Country_Dialcodes` (country_3_letter,international_dialcode,extended_dialcode) VALUES ('KAZ','7','71538');
INSERT INTO `Country_Dialcodes` (country_3_letter,international_dialcode,extended_dialcode) VALUES ('KAZ','7','72236');
INSERT INTO `Country_Dialcodes` (country_3_letter,international_dialcode,extended_dialcode) VALUES ('KAZ','7','72341');
INSERT INTO `Country_Dialcodes` (country_3_letter,international_dialcode,extended_dialcode) VALUES ('KAZ','7','72351');
INSERT INTO `Country_Dialcodes` (country_3_letter,international_dialcode,extended_dialcode) VALUES ('KAZ','7','71630');
INSERT INTO `Country_Dialcodes` (country_3_letter,international_dialcode,extended_dialcode) VALUES ('KAZ','7','71443');
INSERT INTO `Country_Dialcodes` (country_3_letter,international_dialcode,extended_dialcode) VALUES ('KAZ','7','72154');
INSERT INTO `Country_Dialcodes` (country_3_letter,international_dialcode,extended_dialcode) VALUES ('KAZ','7','72338');
INSERT INTO `Country_Dialcodes` (country_3_letter,international_dialcode,extended_dialcode) VALUES ('KAZ','7','71531');
INSERT INTO `Country_Dialcodes` (country_3_letter,international_dialcode,extended_dialcode) VALUES ('KAZ','7','7172');
INSERT INTO `Country_Dialcodes` (country_3_letter,international_dialcode,extended_dialcode) VALUES ('KAZ','7','71136');
INSERT INTO `Country_Dialcodes` (country_3_letter,international_dialcode,extended_dialcode) VALUES ('KAZ','7','71137');
INSERT INTO `Country_Dialcodes` (country_3_letter,international_dialcode,extended_dialcode) VALUES ('KAZ','7','72778');
INSERT INTO `Country_Dialcodes` (country_3_letter,international_dialcode,extended_dialcode) VALUES ('KAZ','7','71131');
INSERT INTO `Country_Dialcodes` (country_3_letter,international_dialcode,extended_dialcode) VALUES ('KAZ','7','71434');
INSERT INTO `Country_Dialcodes` (country_3_letter,international_dialcode,extended_dialcode) VALUES ('KAZ','7','71648');
INSERT INTO `Country_Dialcodes` (country_3_letter,international_dialcode,extended_dialcode) VALUES ('KAZ','7','71235');
INSERT INTO `Country_Dialcodes` (country_3_letter,international_dialcode,extended_dialcode) VALUES ('KAZ','7','71642');
INSERT INTO `Country_Dialcodes` (country_3_letter,international_dialcode,extended_dialcode) VALUES ('KAZ','7','72147');
INSERT INTO `Country_Dialcodes` (country_3_letter,international_dialcode,extended_dialcode) VALUES ('KAZ','7','7187');
INSERT INTO `Country_Dialcodes` (country_3_letter,international_dialcode,extended_dialcode) VALUES ('KAZ','7','71334');
INSERT INTO `Country_Dialcodes` (country_3_letter,international_dialcode,extended_dialcode) VALUES ('KAZ','7','71633');
INSERT INTO `Country_Dialcodes` (country_3_letter,international_dialcode,extended_dialcode) VALUES ('KAZ','7','72775');
INSERT INTO `Country_Dialcodes` (country_3_letter,international_dialcode,extended_dialcode) VALUES ('KAZ','7','71647');
INSERT INTO `Country_Dialcodes` (country_3_letter,international_dialcode,extended_dialcode) VALUES ('KAZ','7','71132');
INSERT INTO `Country_Dialcodes` (country_3_letter,international_dialcode,extended_dialcode) VALUES ('KAZ','7','71442');
INSERT INTO `Country_Dialcodes` (country_3_letter,international_dialcode,extended_dialcode) VALUES ('KAZ','7','72938');
INSERT INTO `Country_Dialcodes` (country_3_letter,international_dialcode,extended_dialcode) VALUES ('KAZ','7','72138');
INSERT INTO `Country_Dialcodes` (country_3_letter,international_dialcode,extended_dialcode) VALUES ('KAZ','7','71233');
INSERT INTO `Country_Dialcodes` (country_3_letter,international_dialcode,extended_dialcode) VALUES ('KAZ','7','72347');
INSERT INTO `Country_Dialcodes` (country_3_letter,international_dialcode,extended_dialcode) VALUES ('KAZ','7','72331');
INSERT INTO `Country_Dialcodes` (country_3_letter,international_dialcode,extended_dialcode) VALUES ('KAZ','7','71341');
INSERT INTO `Country_Dialcodes` (country_3_letter,international_dialcode,extended_dialcode) VALUES ('KAZ','7','71336');
INSERT INTO `Country_Dialcodes` (country_3_letter,international_dialcode,extended_dialcode) VALUES ('KAZ','7','71234');
INSERT INTO `Country_Dialcodes` (country_3_letter,international_dialcode,extended_dialcode) VALUES ('KAZ','7','71343');
INSERT INTO `Country_Dialcodes` (country_3_letter,international_dialcode,extended_dialcode) VALUES ('KAZ','7','71832');
INSERT INTO `Country_Dialcodes` (country_3_letter,international_dialcode,extended_dialcode) VALUES ('KAZ','7','71651');
INSERT INTO `Country_Dialcodes` (country_3_letter,international_dialcode,extended_dialcode) VALUES ('KAZ','7','72837');
INSERT INTO `Country_Dialcodes` (country_3_letter,international_dialcode,extended_dialcode) VALUES ('KAZ','7','71456');
INSERT INTO `Country_Dialcodes` (country_3_letter,international_dialcode,extended_dialcode) VALUES ('KAZ','7','71139');
INSERT INTO `Country_Dialcodes` (country_3_letter,international_dialcode,extended_dialcode) VALUES ('KAZ','7','71437');
INSERT INTO `Country_Dialcodes` (country_3_letter,international_dialcode,extended_dialcode) VALUES ('KAZ','7','71333');
INSERT INTO `Country_Dialcodes` (country_3_letter,international_dialcode,extended_dialcode) VALUES ('KAZ','7','72841');
INSERT INTO `Country_Dialcodes` (country_3_letter,international_dialcode,extended_dialcode) VALUES ('KAZ','7','72772');
INSERT INTO `Country_Dialcodes` (country_3_letter,international_dialcode,extended_dialcode) VALUES ('KAZ','7','71441');
INSERT INTO `Country_Dialcodes` (country_3_letter,international_dialcode,extended_dialcode) VALUES ('KAZ','7','72836');
INSERT INTO `Country_Dialcodes` (country_3_letter,international_dialcode,extended_dialcode) VALUES ('KAZ','7','7212');
INSERT INTO `Country_Dialcodes` (country_3_letter,international_dialcode,extended_dialcode) VALUES ('KAZ','7','71454');
INSERT INTO `Country_Dialcodes` (country_3_letter,international_dialcode,extended_dialcode) VALUES ('KAZ','7','71452');
INSERT INTO `Country_Dialcodes` (country_3_letter,international_dialcode,extended_dialcode) VALUES ('KAZ','7','72644');
INSERT INTO `Country_Dialcodes` (country_3_letter,international_dialcode,extended_dialcode) VALUES ('KAZ','7','71145');
INSERT INTO `Country_Dialcodes` (country_3_letter,international_dialcode,extended_dialcode) VALUES ('KAZ','7','72252');
INSERT INTO `Country_Dialcodes` (country_3_letter,international_dialcode,extended_dialcode) VALUES ('KAZ','7','710322');
INSERT INTO `Country_Dialcodes` (country_3_letter,international_dialcode,extended_dialcode) VALUES ('KAZ','7','72146');
INSERT INTO `Country_Dialcodes` (country_3_letter,international_dialcode,extended_dialcode) VALUES ('KAZ','7','72771');
INSERT INTO `Country_Dialcodes` (country_3_letter,international_dialcode,extended_dialcode) VALUES ('KAZ','7','71833');
INSERT INTO `Country_Dialcodes` (country_3_letter,international_dialcode,extended_dialcode) VALUES ('KAZ','7','72342');
INSERT INTO `Country_Dialcodes` (country_3_letter,international_dialcode,extended_dialcode) VALUES ('KAZ','7','72256');
INSERT INTO `Country_Dialcodes` (country_3_letter,international_dialcode,extended_dialcode) VALUES ('KAZ','7','71144');
INSERT INTO `Country_Dialcodes` (country_3_letter,international_dialcode,extended_dialcode) VALUES ('KAZ','7','72777');
INSERT INTO `Country_Dialcodes` (country_3_letter,international_dialcode,extended_dialcode) VALUES ('KAZ','7','72536');
INSERT INTO `Country_Dialcodes` (country_3_letter,international_dialcode,extended_dialcode) VALUES ('KAZ','7','72144');
INSERT INTO `Country_Dialcodes` (country_3_letter,international_dialcode,extended_dialcode) VALUES ('KAZ','7','71542');
INSERT INTO `Country_Dialcodes` (country_3_letter,international_dialcode,extended_dialcode) VALUES ('KAZ','7','72842');
INSERT INTO `Country_Dialcodes` (country_3_letter,international_dialcode,extended_dialcode) VALUES ('KAZ','7','72348');
INSERT INTO `Country_Dialcodes` (country_3_letter,international_dialcode,extended_dialcode) VALUES ('KAZ','7','71622');
INSERT INTO `Country_Dialcodes` (country_3_letter,international_dialcode,extended_dialcode) VALUES ('KAZ','7','71838');
INSERT INTO `Country_Dialcodes` (country_3_letter,international_dialcode,extended_dialcode) VALUES ('KAZ','7','72636');
INSERT INTO `Country_Dialcodes` (country_3_letter,international_dialcode,extended_dialcode) VALUES ('KAZ','7','71637');
INSERT INTO `Country_Dialcodes` (country_3_letter,international_dialcode,extended_dialcode) VALUES ('KAZ','7','7142');
INSERT INTO `Country_Dialcodes` (country_3_letter,international_dialcode,extended_dialcode) VALUES ('KAZ','7','71634');
INSERT INTO `Country_Dialcodes` (country_3_letter,international_dialcode,extended_dialcode) VALUES ('KAZ','7','72631');
INSERT INTO `Country_Dialcodes` (country_3_letter,international_dialcode,extended_dialcode) VALUES ('KAZ','7','71237');
INSERT INTO `Country_Dialcodes` (country_3_letter,international_dialcode,extended_dialcode) VALUES ('KAZ','7','72251');
INSERT INTO `Country_Dialcodes` (country_3_letter,international_dialcode,extended_dialcode) VALUES ('KAZ','7','72339');
INSERT INTO `Country_Dialcodes` (country_3_letter,international_dialcode,extended_dialcode) VALUES ('KAZ','7','72937');
INSERT INTO `Country_Dialcodes` (country_3_letter,international_dialcode,extended_dialcode) VALUES ('KAZ','7','72422');
INSERT INTO `Country_Dialcodes` (country_3_letter,international_dialcode,extended_dialcode) VALUES ('KAZ','7','72539');
INSERT INTO `Country_Dialcodes` (country_3_letter,international_dialcode,extended_dialcode) VALUES ('KAZ','7','72547');
INSERT INTO `Country_Dialcodes` (country_3_letter,international_dialcode,extended_dialcode) VALUES ('KAZ','7','72336');
INSERT INTO `Country_Dialcodes` (country_3_letter,international_dialcode,extended_dialcode) VALUES ('KAZ','7','72843');
INSERT INTO `Country_Dialcodes` (country_3_letter,international_dialcode,extended_dialcode) VALUES ('KAZ','7','71433');
INSERT INTO `Country_Dialcodes` (country_3_letter,international_dialcode,extended_dialcode) VALUES ('KAZ','7','71236');
INSERT INTO `Country_Dialcodes` (country_3_letter,international_dialcode,extended_dialcode) VALUES ('KAZ','7','72239');
INSERT INTO `Country_Dialcodes` (country_3_letter,international_dialcode,extended_dialcode) VALUES ('KAZ','7','71239');
INSERT INTO `Country_Dialcodes` (country_3_letter,international_dialcode,extended_dialcode) VALUES ('KAZ','7','71646');
INSERT INTO `Country_Dialcodes` (country_3_letter,international_dialcode,extended_dialcode) VALUES ('KAZ','7','71541');
INSERT INTO `Country_Dialcodes` (country_3_letter,international_dialcode,extended_dialcode) VALUES ('KAZ','7','71331');
INSERT INTO `Country_Dialcodes` (country_3_letter,international_dialcode,extended_dialcode) VALUES ('KAZ','7','72632');
INSERT INTO `Country_Dialcodes` (country_3_letter,international_dialcode,extended_dialcode) VALUES ('KAZ','7','71238');
INSERT INTO `Country_Dialcodes` (country_3_letter,international_dialcode,extended_dialcode) VALUES ('KAZ','7','72642');
INSERT INTO `Country_Dialcodes` (country_3_letter,international_dialcode,extended_dialcode) VALUES ('KAZ','7','72148');
INSERT INTO `Country_Dialcodes` (country_3_letter,international_dialcode,extended_dialcode) VALUES ('KAZ','7','72541');
INSERT INTO `Country_Dialcodes` (country_3_letter,international_dialcode,extended_dialcode) VALUES ('KAZ','7','72779');
INSERT INTO `Country_Dialcodes` (country_3_letter,international_dialcode,extended_dialcode) VALUES ('KAZ','7','72353');
INSERT INTO `Country_Dialcodes` (country_3_letter,international_dialcode,extended_dialcode) VALUES ('KAZ','7','71535');
INSERT INTO `Country_Dialcodes` (country_3_letter,international_dialcode,extended_dialcode) VALUES ('KAZ','7','71448');
INSERT INTO `Country_Dialcodes` (country_3_letter,international_dialcode,extended_dialcode) VALUES ('KAZ','7','72149');
INSERT INTO `Country_Dialcodes` (country_3_letter,international_dialcode,extended_dialcode) VALUES ('KAZ','7','72752');
INSERT INTO `Country_Dialcodes` (country_3_letter,international_dialcode,extended_dialcode) VALUES ('KAZ','7','7182');
INSERT INTO `Country_Dialcodes` (country_3_letter,international_dialcode,extended_dialcode) VALUES ('KAZ','7','71130');
INSERT INTO `Country_Dialcodes` (country_3_letter,international_dialcode,extended_dialcode) VALUES ('KAZ','7','7152');
INSERT INTO `Country_Dialcodes` (country_3_letter,international_dialcode,extended_dialcode) VALUES ('KAZ','7','71544');
INSERT INTO `Country_Dialcodes` (country_3_letter,international_dialcode,extended_dialcode) VALUES ('KAZ','7','71039');
INSERT INTO `Country_Dialcodes` (country_3_letter,international_dialcode,extended_dialcode) VALUES ('KAZ','7','71431');
INSERT INTO `Country_Dialcodes` (country_3_letter,international_dialcode,extended_dialcode) VALUES ('KAZ','7','72333');
INSERT INTO `Country_Dialcodes` (country_3_letter,international_dialcode,extended_dialcode) VALUES ('KAZ','7','72137');
INSERT INTO `Country_Dialcodes` (country_3_letter,international_dialcode,extended_dialcode) VALUES ('KAZ','7','72839');
INSERT INTO `Country_Dialcodes` (country_3_letter,international_dialcode,extended_dialcode) VALUES ('KAZ','7','72537');
INSERT INTO `Country_Dialcodes` (country_3_letter,international_dialcode,extended_dialcode) VALUES ('KAZ','7','72637');
INSERT INTO `Country_Dialcodes` (country_3_letter,international_dialcode,extended_dialcode) VALUES ('KAZ','7','71451');
INSERT INTO `Country_Dialcodes` (country_3_letter,international_dialcode,extended_dialcode) VALUES ('KAZ','7','72840');
INSERT INTO `Country_Dialcodes` (country_3_letter,international_dialcode,extended_dialcode) VALUES ('KAZ','7','71063');
INSERT INTO `Country_Dialcodes` (country_3_letter,international_dialcode,extended_dialcode) VALUES ('KAZ','7','72639');
INSERT INTO `Country_Dialcodes` (country_3_letter,international_dialcode,extended_dialcode) VALUES ('KAZ','7','71533');
INSERT INTO `Country_Dialcodes` (country_3_letter,international_dialcode,extended_dialcode) VALUES ('KAZ','7','71140');
INSERT INTO `Country_Dialcodes` (country_3_letter,international_dialcode,extended_dialcode) VALUES ('KAZ','7','7222');
INSERT INTO `Country_Dialcodes` (country_3_letter,international_dialcode,extended_dialcode) VALUES ('KAZ','7','72337');
INSERT INTO `Country_Dialcodes` (country_3_letter,international_dialcode,extended_dialcode) VALUES ('KAZ','7','71534');
INSERT INTO `Country_Dialcodes` (country_3_letter,international_dialcode,extended_dialcode) VALUES ('KAZ','7','72156');
INSERT INTO `Country_Dialcodes` (country_3_letter,international_dialcode,extended_dialcode) VALUES ('KAZ','7','71335');
INSERT INTO `Country_Dialcodes` (country_3_letter,international_dialcode,extended_dialcode) VALUES ('KAZ','7','72345');
INSERT INTO `Country_Dialcodes` (country_3_letter,international_dialcode,extended_dialcode) VALUES ('KAZ','7','71836');
INSERT INTO `Country_Dialcodes` (country_3_letter,international_dialcode,extended_dialcode) VALUES ('KAZ','7','72535');
INSERT INTO `Country_Dialcodes` (country_3_letter,international_dialcode,extended_dialcode) VALUES ('KAZ','7','71038');
INSERT INTO `Country_Dialcodes` (country_3_letter,international_dialcode,extended_dialcode) VALUES ('KAZ','7','72544');
INSERT INTO `Country_Dialcodes` (country_3_letter,international_dialcode,extended_dialcode) VALUES ('KAZ','7','72548');
INSERT INTO `Country_Dialcodes` (country_3_letter,international_dialcode,extended_dialcode) VALUES ('KAZ','7','72776');
INSERT INTO `Country_Dialcodes` (country_3_letter,international_dialcode,extended_dialcode) VALUES ('KAZ','7','72332');
INSERT INTO `Country_Dialcodes` (country_3_letter,international_dialcode,extended_dialcode) VALUES ('KAZ','7','72931');
INSERT INTO `Country_Dialcodes` (country_3_letter,international_dialcode,extended_dialcode) VALUES ('KAZ','7','72432');
INSERT INTO `Country_Dialcodes` (country_3_letter,international_dialcode,extended_dialcode) VALUES ('KAZ','7','72546');
INSERT INTO `Country_Dialcodes` (country_3_letter,international_dialcode,extended_dialcode) VALUES ('KAZ','7','71631');
INSERT INTO `Country_Dialcodes` (country_3_letter,international_dialcode,extended_dialcode) VALUES ('KAZ','7','72643');
INSERT INTO `Country_Dialcodes` (country_3_letter,international_dialcode,extended_dialcode) VALUES ('KAZ','7','71346');
INSERT INTO `Country_Dialcodes` (country_3_letter,international_dialcode,extended_dialcode) VALUES ('KAZ','7','71636');
INSERT INTO `Country_Dialcodes` (country_3_letter,international_dialcode,extended_dialcode) VALUES ('KAZ','7','72257');
INSERT INTO `Country_Dialcodes` (country_3_letter,international_dialcode,extended_dialcode) VALUES ('KAZ','7','7252');
INSERT INTO `Country_Dialcodes` (country_3_letter,international_dialcode,extended_dialcode) VALUES ('KAZ','7','71532');
INSERT INTO `Country_Dialcodes` (country_3_letter,international_dialcode,extended_dialcode) VALUES ('KAZ','7','71645');
INSERT INTO `Country_Dialcodes` (country_3_letter,international_dialcode,extended_dialcode) VALUES ('KAZ','7','71639');
INSERT INTO `Country_Dialcodes` (country_3_letter,international_dialcode,extended_dialcode) VALUES ('KAZ','7','71536');
INSERT INTO `Country_Dialcodes` (country_3_letter,international_dialcode,extended_dialcode) VALUES ('KAZ','7','7282');
INSERT INTO `Country_Dialcodes` (country_3_letter,international_dialcode,extended_dialcode) VALUES ('KAZ','7','72774');
INSERT INTO `Country_Dialcodes` (country_3_letter,international_dialcode,extended_dialcode) VALUES ('KAZ','7','71546');
INSERT INTO `Country_Dialcodes` (country_3_letter,international_dialcode,extended_dialcode) VALUES ('KAZ','7','71436');
INSERT INTO `Country_Dialcodes` (country_3_letter,international_dialcode,extended_dialcode) VALUES ('KAZ','7','72622');
INSERT INTO `Country_Dialcodes` (country_3_letter,international_dialcode,extended_dialcode) VALUES ('KAZ','7','72334');
INSERT INTO `Country_Dialcodes` (country_3_letter,international_dialcode,extended_dialcode) VALUES ('KAZ','7','71142');
INSERT INTO `Country_Dialcodes` (country_3_letter,international_dialcode,extended_dialcode) VALUES ('KAZ','7','72835');
INSERT INTO `Country_Dialcodes` (country_3_letter,international_dialcode,extended_dialcode) VALUES ('KAZ','7','72530');
INSERT INTO `Country_Dialcodes` (country_3_letter,international_dialcode,extended_dialcode) VALUES ('KAZ','7','7213');
INSERT INTO `Country_Dialcodes` (country_3_letter,international_dialcode,extended_dialcode) VALUES ('KAZ','7','712302');
INSERT INTO `Country_Dialcodes` (country_3_letter,international_dialcode,extended_dialcode) VALUES ('KAZ','7','72343');
INSERT INTO `Country_Dialcodes` (country_3_letter,international_dialcode,extended_dialcode) VALUES ('KAZ','7','72436');
INSERT INTO `Country_Dialcodes` (country_3_letter,international_dialcode,extended_dialcode) VALUES ('KAZ','7','71537');
INSERT INTO `Country_Dialcodes` (country_3_letter,international_dialcode,extended_dialcode) VALUES ('KAZ','7','72638');
INSERT INTO `Country_Dialcodes` (country_3_letter,international_dialcode,extended_dialcode) VALUES ('KAZ','7','72153');
INSERT INTO `Country_Dialcodes` (country_3_letter,international_dialcode,extended_dialcode) VALUES ('KAZ','7','71439');
INSERT INTO `Country_Dialcodes` (country_3_letter,international_dialcode,extended_dialcode) VALUES ('KAZ','7','72538');
INSERT INTO `Country_Dialcodes` (country_3_letter,international_dialcode,extended_dialcode) VALUES ('KAZ','7','72533');
INSERT INTO `Country_Dialcodes` (country_3_letter,international_dialcode,extended_dialcode) VALUES ('KAZ','7','71445');
INSERT INTO `Country_Dialcodes` (country_3_letter,international_dialcode,extended_dialcode) VALUES ('KAZ','7','71332');
INSERT INTO `Country_Dialcodes` (country_3_letter,international_dialcode,extended_dialcode) VALUES ('KAZ','7','71035');
INSERT INTO `Country_Dialcodes` (country_3_letter,international_dialcode,extended_dialcode) VALUES ('KAZ','7','7112');
INSERT INTO `Country_Dialcodes` (country_3_letter,international_dialcode,extended_dialcode) VALUES ('KAZ','7','72230');
INSERT INTO `Country_Dialcodes` (country_3_letter,international_dialcode,extended_dialcode) VALUES ('KAZ','7','72833');
INSERT INTO `Country_Dialcodes` (country_3_letter,international_dialcode,extended_dialcode) VALUES ('KAZ','7','72834');
INSERT INTO `Country_Dialcodes` (country_3_letter,international_dialcode,extended_dialcode) VALUES ('KAZ','7','71834');
INSERT INTO `Country_Dialcodes` (country_3_letter,international_dialcode,extended_dialcode) VALUES ('KAZ','7','7232');
INSERT INTO `Country_Dialcodes` (country_3_letter,international_dialcode,extended_dialcode) VALUES ('KAZ','7','71444');
INSERT INTO `Country_Dialcodes` (country_3_letter,international_dialcode,extended_dialcode) VALUES ('KAZ','7','72770');
INSERT INTO `Country_Dialcodes` (country_3_letter,international_dialcode,extended_dialcode) VALUES ('KAZ','7','71543');
INSERT INTO `Country_Dialcodes` (country_3_letter,international_dialcode,extended_dialcode) VALUES ('KAZ','7','71455');
INSERT INTO `Country_Dialcodes` (country_3_letter,international_dialcode,extended_dialcode) VALUES ('KAZ','7','72340');
INSERT INTO `Country_Dialcodes` (country_3_letter,international_dialcode,extended_dialcode) VALUES ('KAZ','7','71632');
INSERT INTO `Country_Dialcodes` (country_3_letter,international_dialcode,extended_dialcode) VALUES ('KAZ','7','71635');
INSERT INTO `Country_Dialcodes` (country_3_letter,international_dialcode,extended_dialcode) VALUES ('KAZ','7','72431');
INSERT INTO `Country_Dialcodes` (country_3_letter,international_dialcode,extended_dialcode) VALUES ('KAZ','7','71138');
INSERT INTO `Country_Dialcodes` (country_3_letter,international_dialcode,extended_dialcode) VALUES ('KAZ','7','72435');
INSERT INTO `Country_Dialcodes` (country_3_letter,international_dialcode,extended_dialcode) VALUES ('KAZ','7','72934');
INSERT INTO `Country_Dialcodes` (country_3_letter,international_dialcode,extended_dialcode) VALUES ('KAZ','7','72634');
INSERT INTO `Country_Dialcodes` (country_3_letter,international_dialcode,extended_dialcode) VALUES ('KAZ','7','71141');
INSERT INTO `Country_Dialcodes` (country_3_letter,international_dialcode,extended_dialcode) VALUES ('KAZ','7','72832');
INSERT INTO `Country_Dialcodes` (country_3_letter,international_dialcode,extended_dialcode) VALUES ('KAZ','7','71135');
INSERT INTO `Country_Dialcodes` (country_3_letter,international_dialcode,extended_dialcode) VALUES ('KAZ','7','72831');
INSERT INTO `Country_Dialcodes` (country_3_letter,international_dialcode,extended_dialcode) VALUES ('KAZ','7','710422');
INSERT INTO `Country_Dialcodes` (country_3_letter,international_dialcode,extended_dialcode) VALUES ('KAZ','7','710432');
INSERT INTO `Country_Dialcodes` (country_3_letter,international_dialcode,extended_dialcode) VALUES ('KAZ','7','710403');
INSERT INTO `Country_Dialcodes` (country_3_letter,international_dialcode,extended_dialcode) VALUES ('KAZ','7','71831');
INSERT INTO `Country_Dialcodes` (country_3_letter,international_dialcode,extended_dialcode) VALUES ('KAZ','7','7102');
INSERT INTO `Country_Dialcodes` (country_3_letter,international_dialcode,extended_dialcode) VALUES ('KAZ','7','72534');
INSERT INTO `Country_Dialcodes` (country_3_letter,international_dialcode,extended_dialcode) VALUES ('KAZ','7','71034');
INSERT INTO `Country_Dialcodes` (country_3_letter,international_dialcode,extended_dialcode) VALUES ('KAZ','7','72349');
INSERT INTO `Country_Dialcodes` (country_3_letter,international_dialcode,extended_dialcode) VALUES ('KAZ','7','71134');
INSERT INTO `Country_Dialcodes` (country_3_letter,international_dialcode,extended_dialcode) VALUES ('KAZ','7','71435');
INSERT INTO `Country_Dialcodes` (country_3_letter,international_dialcode,extended_dialcode) VALUES ('KAZ','7','72437');
INSERT INTO `Country_Dialcodes` (country_3_letter,international_dialcode,extended_dialcode) VALUES ('KAZ','7','72335');
INSERT INTO `Country_Dialcodes` (country_3_letter,international_dialcode,extended_dialcode) VALUES ('KAZ','7','71290');
INSERT INTO `Country_Dialcodes` (country_3_letter,international_dialcode,extended_dialcode) VALUES ('KAZ','7','71291');
INSERT INTO `Country_Dialcodes` (country_3_letter,international_dialcode,extended_dialcode) VALUES ('KAZ','7','71390');
INSERT INTO `Country_Dialcodes` (country_3_letter,international_dialcode,extended_dialcode) VALUES ('KAZ','7','71391');
INSERT INTO `Country_Dialcodes` (country_3_letter,international_dialcode,extended_dialcode) VALUES ('KAZ','7','71490');
INSERT INTO `Country_Dialcodes` (country_3_letter,international_dialcode,extended_dialcode) VALUES ('KAZ','7','71491');
INSERT INTO `Country_Dialcodes` (country_3_letter,international_dialcode,extended_dialcode) VALUES ('KAZ','7','71590');
INSERT INTO `Country_Dialcodes` (country_3_letter,international_dialcode,extended_dialcode) VALUES ('KAZ','7','71591');
INSERT INTO `Country_Dialcodes` (country_3_letter,international_dialcode,extended_dialcode) VALUES ('KAZ','7','71790');
INSERT INTO `Country_Dialcodes` (country_3_letter,international_dialcode,extended_dialcode) VALUES ('KAZ','7','71791');
INSERT INTO `Country_Dialcodes` (country_3_letter,international_dialcode,extended_dialcode) VALUES ('KAZ','7','71890');
INSERT INTO `Country_Dialcodes` (country_3_letter,international_dialcode,extended_dialcode) VALUES ('KAZ','7','71891');
INSERT INTO `Country_Dialcodes` (country_3_letter,international_dialcode,extended_dialcode) VALUES ('KAZ','7','72190');
INSERT INTO `Country_Dialcodes` (country_3_letter,international_dialcode,extended_dialcode) VALUES ('KAZ','7','72191');
INSERT INTO `Country_Dialcodes` (country_3_letter,international_dialcode,extended_dialcode) VALUES ('KAZ','7','72390');
INSERT INTO `Country_Dialcodes` (country_3_letter,international_dialcode,extended_dialcode) VALUES ('KAZ','7','72391');
INSERT INTO `Country_Dialcodes` (country_3_letter,international_dialcode,extended_dialcode) VALUES ('KAZ','7','72490');
INSERT INTO `Country_Dialcodes` (country_3_letter,international_dialcode,extended_dialcode) VALUES ('KAZ','7','72590');
INSERT INTO `Country_Dialcodes` (country_3_letter,international_dialcode,extended_dialcode) VALUES ('KAZ','7','72591');
INSERT INTO `Country_Dialcodes` (country_3_letter,international_dialcode,extended_dialcode) VALUES ('KAZ','7','72690');
INSERT INTO `Country_Dialcodes` (country_3_letter,international_dialcode,extended_dialcode) VALUES ('KAZ','7','72691');
INSERT INTO `Country_Dialcodes` (country_3_letter,international_dialcode,extended_dialcode) VALUES ('KAZ','7','72758');
INSERT INTO `Country_Dialcodes` (country_3_letter,international_dialcode,extended_dialcode) VALUES ('KAZ','7','72790');
INSERT INTO `Country_Dialcodes` (country_3_letter,international_dialcode,extended_dialcode) VALUES ('KAZ','7','72791');
INSERT INTO `Country_Dialcodes` (country_3_letter,international_dialcode,extended_dialcode) VALUES ('KAZ','7','76099');
INSERT INTO `Country_Dialcodes` (country_3_letter,international_dialcode,extended_dialcode) VALUES ('KAZ','7','760');
INSERT INTO `Country_Dialcodes` (country_3_letter,international_dialcode,extended_dialcode) VALUES ('KAZ','7','762');
INSERT INTO `Country_Dialcodes` (country_3_letter,international_dialcode,extended_dialcode) VALUES ('KAZ','7','763');
INSERT INTO `Country_Dialcodes` (country_3_letter,international_dialcode,extended_dialcode) VALUES ('KAZ','7','705');
INSERT INTO `Country_Dialcodes` (country_3_letter,international_dialcode,extended_dialcode) VALUES ('KAZ','7','777');
INSERT INTO `Country_Dialcodes` (country_3_letter,international_dialcode,extended_dialcode) VALUES ('KAZ','7','700');
INSERT INTO `Country_Dialcodes` (country_3_letter,international_dialcode,extended_dialcode) VALUES ('KAZ','7','701');
INSERT INTO `Country_Dialcodes` (country_3_letter,international_dialcode,extended_dialcode) VALUES ('KAZ','7','702');
INSERT INTO `Country_Dialcodes` (country_3_letter,international_dialcode,extended_dialcode) VALUES ('KAZ','7','707');
INSERT INTO `Country_Dialcodes` (country_3_letter,international_dialcode,extended_dialcode) VALUES ('KAZ','7','764');
INSERT INTO `Country_Dialcodes` (country_3_letter,international_dialcode,extended_dialcode) VALUES ('KAZ','7','771');
INSERT INTO `Country_Dialcodes` (country_3_letter,international_dialcode,extended_dialcode) VALUES ('KAZ','7','775');
INSERT INTO `Country_Dialcodes` (country_3_letter,international_dialcode,extended_dialcode) VALUES ('KAZ','7','72159');
INSERT INTO `Country_Dialcodes` (country_3_letter,international_dialcode,extended_dialcode) VALUES ('KAZ','7','71059');
INSERT INTO `Country_Dialcodes` (country_3_letter,international_dialcode,extended_dialcode) VALUES ('KAZ','7','71146');
INSERT INTO `Country_Dialcodes` (country_3_letter,international_dialcode,extended_dialcode) VALUES ('KAZ','7','71147');
INSERT INTO `Country_Dialcodes` (country_3_letter,international_dialcode,extended_dialcode) VALUES ('KAZ','7','71149');
INSERT INTO `Country_Dialcodes` (country_3_letter,international_dialcode,extended_dialcode) VALUES ('KAZ','7','71159');
INSERT INTO `Country_Dialcodes` (country_3_letter,international_dialcode,extended_dialcode) VALUES ('KAZ','7','71259');
INSERT INTO `Country_Dialcodes` (country_3_letter,international_dialcode,extended_dialcode) VALUES ('KAZ','7','71347');
INSERT INTO `Country_Dialcodes` (country_3_letter,international_dialcode,extended_dialcode) VALUES ('KAZ','7','71348');
INSERT INTO `Country_Dialcodes` (country_3_letter,international_dialcode,extended_dialcode) VALUES ('KAZ','7','71349');
INSERT INTO `Country_Dialcodes` (country_3_letter,international_dialcode,extended_dialcode) VALUES ('KAZ','7','71359');
INSERT INTO `Country_Dialcodes` (country_3_letter,international_dialcode,extended_dialcode) VALUES ('KAZ','7','71457');
INSERT INTO `Country_Dialcodes` (country_3_letter,international_dialcode,extended_dialcode) VALUES ('KAZ','7','71459');
INSERT INTO `Country_Dialcodes` (country_3_letter,international_dialcode,extended_dialcode) VALUES ('KAZ','7','71545');
INSERT INTO `Country_Dialcodes` (country_3_letter,international_dialcode,extended_dialcode) VALUES ('KAZ','7','71547');
INSERT INTO `Country_Dialcodes` (country_3_letter,international_dialcode,extended_dialcode) VALUES ('KAZ','7','71559');
INSERT INTO `Country_Dialcodes` (country_3_letter,international_dialcode,extended_dialcode) VALUES ('KAZ','7','71649');
INSERT INTO `Country_Dialcodes` (country_3_letter,international_dialcode,extended_dialcode) VALUES ('KAZ','7','71659');
INSERT INTO `Country_Dialcodes` (country_3_letter,international_dialcode,extended_dialcode) VALUES ('KAZ','7','71842');
INSERT INTO `Country_Dialcodes` (country_3_letter,international_dialcode,extended_dialcode) VALUES ('KAZ','7','71843');
INSERT INTO `Country_Dialcodes` (country_3_letter,international_dialcode,extended_dialcode) VALUES ('KAZ','7','71844');
INSERT INTO `Country_Dialcodes` (country_3_letter,international_dialcode,extended_dialcode) VALUES ('KAZ','7','72330');
INSERT INTO `Country_Dialcodes` (country_3_letter,international_dialcode,extended_dialcode) VALUES ('KAZ','7','72359');
INSERT INTO `Country_Dialcodes` (country_3_letter,international_dialcode,extended_dialcode) VALUES ('KAZ','7','72259');
INSERT INTO `Country_Dialcodes` (country_3_letter,international_dialcode,extended_dialcode) VALUES ('KAZ','7','72559');
INSERT INTO `Country_Dialcodes` (country_3_letter,international_dialcode,extended_dialcode) VALUES ('KAZ','7','72640');
INSERT INTO `Country_Dialcodes` (country_3_letter,international_dialcode,extended_dialcode) VALUES ('KAZ','7','72659');
INSERT INTO `Country_Dialcodes` (country_3_letter,international_dialcode,extended_dialcode) VALUES ('KAZ','7','72830');
INSERT INTO `Country_Dialcodes` (country_3_letter,international_dialcode,extended_dialcode) VALUES ('KAZ','7','72859');
INSERT INTO `Country_Dialcodes` (country_3_letter,international_dialcode,extended_dialcode) VALUES ('KAZ','7','72740');
INSERT INTO `Country_Dialcodes` (country_3_letter,international_dialcode,extended_dialcode) VALUES ('KAZ','7','72759');
INSERT INTO `Country_Dialcodes` (country_3_letter,international_dialcode,extended_dialcode) VALUES ('KAZ','7','72959');

--
-- Dumping data for table `Country_Exit_Dialcode`
--

INSERT INTO `Country_Exit_Dialcode` (country_3_letter,exit_dialcode) VALUES ('AFG','00');
INSERT INTO `Country_Exit_Dialcode` (country_3_letter,exit_dialcode) VALUES ('ALB','00');
INSERT INTO `Country_Exit_Dialcode` (country_3_letter,exit_dialcode) VALUES ('DZA','00');
INSERT INTO `Country_Exit_Dialcode` (country_3_letter,exit_dialcode) VALUES ('AND','00');
INSERT INTO `Country_Exit_Dialcode` (country_3_letter,exit_dialcode) VALUES ('AGO','00');
INSERT INTO `Country_Exit_Dialcode` (country_3_letter,exit_dialcode) VALUES ('ATG','011');
INSERT INTO `Country_Exit_Dialcode` (country_3_letter,exit_dialcode) VALUES ('ARG','00');
INSERT INTO `Country_Exit_Dialcode` (country_3_letter,exit_dialcode) VALUES ('ARM','00');
INSERT INTO `Country_Exit_Dialcode` (country_3_letter,exit_dialcode) VALUES ('AUS','0011');
INSERT INTO `Country_Exit_Dialcode` (country_3_letter,exit_dialcode) VALUES ('AUT','00');
INSERT INTO `Country_Exit_Dialcode` (country_3_letter,exit_dialcode) VALUES ('AZE','00');
INSERT INTO `Country_Exit_Dialcode` (country_3_letter,exit_dialcode) VALUES ('BHS','011');
INSERT INTO `Country_Exit_Dialcode` (country_3_letter,exit_dialcode) VALUES ('BHR','00');
INSERT INTO `Country_Exit_Dialcode` (country_3_letter,exit_dialcode) VALUES ('BGD','00');
INSERT INTO `Country_Exit_Dialcode` (country_3_letter,exit_dialcode) VALUES ('BRB','011');
INSERT INTO `Country_Exit_Dialcode` (country_3_letter,exit_dialcode) VALUES ('BLR','8p10');
INSERT INTO `Country_Exit_Dialcode` (country_3_letter,exit_dialcode) VALUES ('BEL','00');
INSERT INTO `Country_Exit_Dialcode` (country_3_letter,exit_dialcode) VALUES ('BLZ','00');
INSERT INTO `Country_Exit_Dialcode` (country_3_letter,exit_dialcode) VALUES ('BEN','00');
INSERT INTO `Country_Exit_Dialcode` (country_3_letter,exit_dialcode) VALUES ('BTN','00');
INSERT INTO `Country_Exit_Dialcode` (country_3_letter,exit_dialcode) VALUES ('BOL','00');
INSERT INTO `Country_Exit_Dialcode` (country_3_letter,exit_dialcode) VALUES ('BIH','00');
INSERT INTO `Country_Exit_Dialcode` (country_3_letter,exit_dialcode) VALUES ('BWA','00');
INSERT INTO `Country_Exit_Dialcode` (country_3_letter,exit_dialcode) VALUES ('BRA','0014');
INSERT INTO `Country_Exit_Dialcode` (country_3_letter,exit_dialcode) VALUES ('BRA','0015');
INSERT INTO `Country_Exit_Dialcode` (country_3_letter,exit_dialcode) VALUES ('BRA','0021');
INSERT INTO `Country_Exit_Dialcode` (country_3_letter,exit_dialcode) VALUES ('BRA','0023');
INSERT INTO `Country_Exit_Dialcode` (country_3_letter,exit_dialcode) VALUES ('BRA','0031');
INSERT INTO `Country_Exit_Dialcode` (country_3_letter,exit_dialcode) VALUES ('BRN','00');
INSERT INTO `Country_Exit_Dialcode` (country_3_letter,exit_dialcode) VALUES ('BGR','00');
INSERT INTO `Country_Exit_Dialcode` (country_3_letter,exit_dialcode) VALUES ('BFA','00');
INSERT INTO `Country_Exit_Dialcode` (country_3_letter,exit_dialcode) VALUES ('BDI','00');
INSERT INTO `Country_Exit_Dialcode` (country_3_letter,exit_dialcode) VALUES ('KHM','001');
INSERT INTO `Country_Exit_Dialcode` (country_3_letter,exit_dialcode) VALUES ('KHM','007');
INSERT INTO `Country_Exit_Dialcode` (country_3_letter,exit_dialcode) VALUES ('KHM','008');
INSERT INTO `Country_Exit_Dialcode` (country_3_letter,exit_dialcode) VALUES ('CMR','00');
INSERT INTO `Country_Exit_Dialcode` (country_3_letter,exit_dialcode) VALUES ('CAN','011');
INSERT INTO `Country_Exit_Dialcode` (country_3_letter,exit_dialcode) VALUES ('CPV','0');
INSERT INTO `Country_Exit_Dialcode` (country_3_letter,exit_dialcode) VALUES ('CAF','00');
INSERT INTO `Country_Exit_Dialcode` (country_3_letter,exit_dialcode) VALUES ('TCD','00');
INSERT INTO `Country_Exit_Dialcode` (country_3_letter,exit_dialcode) VALUES ('CHL','00');
INSERT INTO `Country_Exit_Dialcode` (country_3_letter,exit_dialcode) VALUES ('CHN','00');
INSERT INTO `Country_Exit_Dialcode` (country_3_letter,exit_dialcode) VALUES ('COL','00444');
INSERT INTO `Country_Exit_Dialcode` (country_3_letter,exit_dialcode) VALUES ('COL','005');
INSERT INTO `Country_Exit_Dialcode` (country_3_letter,exit_dialcode) VALUES ('COL','007');
INSERT INTO `Country_Exit_Dialcode` (country_3_letter,exit_dialcode) VALUES ('COL','009');
INSERT INTO `Country_Exit_Dialcode` (country_3_letter,exit_dialcode) VALUES ('COL','00444');
INSERT INTO `Country_Exit_Dialcode` (country_3_letter,exit_dialcode) VALUES ('COL','005');
INSERT INTO `Country_Exit_Dialcode` (country_3_letter,exit_dialcode) VALUES ('COL','007');
INSERT INTO `Country_Exit_Dialcode` (country_3_letter,exit_dialcode) VALUES ('COL','009');
INSERT INTO `Country_Exit_Dialcode` (country_3_letter,exit_dialcode) VALUES ('COL','00444');
INSERT INTO `Country_Exit_Dialcode` (country_3_letter,exit_dialcode) VALUES ('COL','005');
INSERT INTO `Country_Exit_Dialcode` (country_3_letter,exit_dialcode) VALUES ('COL','007');
INSERT INTO `Country_Exit_Dialcode` (country_3_letter,exit_dialcode) VALUES ('COL','009');
INSERT INTO `Country_Exit_Dialcode` (country_3_letter,exit_dialcode) VALUES ('COL','00444');
INSERT INTO `Country_Exit_Dialcode` (country_3_letter,exit_dialcode) VALUES ('COL','005');
INSERT INTO `Country_Exit_Dialcode` (country_3_letter,exit_dialcode) VALUES ('COL','007');
INSERT INTO `Country_Exit_Dialcode` (country_3_letter,exit_dialcode) VALUES ('COL','009');
INSERT INTO `Country_Exit_Dialcode` (country_3_letter,exit_dialcode) VALUES ('COM','00');
INSERT INTO `Country_Exit_Dialcode` (country_3_letter,exit_dialcode) VALUES ('COD','00');
INSERT INTO `Country_Exit_Dialcode` (country_3_letter,exit_dialcode) VALUES ('COG','00');
INSERT INTO `Country_Exit_Dialcode` (country_3_letter,exit_dialcode) VALUES ('CRI','00');
INSERT INTO `Country_Exit_Dialcode` (country_3_letter,exit_dialcode) VALUES ('CIV','00');
INSERT INTO `Country_Exit_Dialcode` (country_3_letter,exit_dialcode) VALUES ('HRV','00');
INSERT INTO `Country_Exit_Dialcode` (country_3_letter,exit_dialcode) VALUES ('CUB','119');
INSERT INTO `Country_Exit_Dialcode` (country_3_letter,exit_dialcode) VALUES ('CYP','00');
INSERT INTO `Country_Exit_Dialcode` (country_3_letter,exit_dialcode) VALUES ('CZE','00');
INSERT INTO `Country_Exit_Dialcode` (country_3_letter,exit_dialcode) VALUES ('DNK','00');
INSERT INTO `Country_Exit_Dialcode` (country_3_letter,exit_dialcode) VALUES ('DJI','00');
INSERT INTO `Country_Exit_Dialcode` (country_3_letter,exit_dialcode) VALUES ('DMA','011');
INSERT INTO `Country_Exit_Dialcode` (country_3_letter,exit_dialcode) VALUES ('DOM','011');
INSERT INTO `Country_Exit_Dialcode` (country_3_letter,exit_dialcode) VALUES ('DOM','011');
INSERT INTO `Country_Exit_Dialcode` (country_3_letter,exit_dialcode) VALUES ('ECU','00');
INSERT INTO `Country_Exit_Dialcode` (country_3_letter,exit_dialcode) VALUES ('EGY','00');
INSERT INTO `Country_Exit_Dialcode` (country_3_letter,exit_dialcode) VALUES ('SLV','00');
INSERT INTO `Country_Exit_Dialcode` (country_3_letter,exit_dialcode) VALUES ('GNQ','00');
INSERT INTO `Country_Exit_Dialcode` (country_3_letter,exit_dialcode) VALUES ('GNQ','00');
INSERT INTO `Country_Exit_Dialcode` (country_3_letter,exit_dialcode) VALUES ('ERI','00');
INSERT INTO `Country_Exit_Dialcode` (country_3_letter,exit_dialcode) VALUES ('EST','00');
INSERT INTO `Country_Exit_Dialcode` (country_3_letter,exit_dialcode) VALUES ('ETH','00');
INSERT INTO `Country_Exit_Dialcode` (country_3_letter,exit_dialcode) VALUES ('FJI','00');
INSERT INTO `Country_Exit_Dialcode` (country_3_letter,exit_dialcode) VALUES ('FIN','00');
INSERT INTO `Country_Exit_Dialcode` (country_3_letter,exit_dialcode) VALUES ('FIN','990');
INSERT INTO `Country_Exit_Dialcode` (country_3_letter,exit_dialcode) VALUES ('FIN','994');
INSERT INTO `Country_Exit_Dialcode` (country_3_letter,exit_dialcode) VALUES ('FIN','999');
INSERT INTO `Country_Exit_Dialcode` (country_3_letter,exit_dialcode) VALUES ('FRA','00');
INSERT INTO `Country_Exit_Dialcode` (country_3_letter,exit_dialcode) VALUES ('GAB','00');
INSERT INTO `Country_Exit_Dialcode` (country_3_letter,exit_dialcode) VALUES ('GMB','00');
INSERT INTO `Country_Exit_Dialcode` (country_3_letter,exit_dialcode) VALUES ('GEO','8p10');
INSERT INTO `Country_Exit_Dialcode` (country_3_letter,exit_dialcode) VALUES ('DEU','00');
INSERT INTO `Country_Exit_Dialcode` (country_3_letter,exit_dialcode) VALUES ('GHA','00');
INSERT INTO `Country_Exit_Dialcode` (country_3_letter,exit_dialcode) VALUES ('GRC','00');
INSERT INTO `Country_Exit_Dialcode` (country_3_letter,exit_dialcode) VALUES ('GRD','011');
INSERT INTO `Country_Exit_Dialcode` (country_3_letter,exit_dialcode) VALUES ('GTM','00');
INSERT INTO `Country_Exit_Dialcode` (country_3_letter,exit_dialcode) VALUES ('GIN','00');
INSERT INTO `Country_Exit_Dialcode` (country_3_letter,exit_dialcode) VALUES ('GNB','00');
INSERT INTO `Country_Exit_Dialcode` (country_3_letter,exit_dialcode) VALUES ('GUY','001');
INSERT INTO `Country_Exit_Dialcode` (country_3_letter,exit_dialcode) VALUES ('HTI','00');
INSERT INTO `Country_Exit_Dialcode` (country_3_letter,exit_dialcode) VALUES ('HND','00');
INSERT INTO `Country_Exit_Dialcode` (country_3_letter,exit_dialcode) VALUES ('HUN','00');
INSERT INTO `Country_Exit_Dialcode` (country_3_letter,exit_dialcode) VALUES ('ISL','00');
INSERT INTO `Country_Exit_Dialcode` (country_3_letter,exit_dialcode) VALUES ('IND','00');
INSERT INTO `Country_Exit_Dialcode` (country_3_letter,exit_dialcode) VALUES ('IDN','001');
INSERT INTO `Country_Exit_Dialcode` (country_3_letter,exit_dialcode) VALUES ('IDN','008');
INSERT INTO `Country_Exit_Dialcode` (country_3_letter,exit_dialcode) VALUES ('IRN','00');
INSERT INTO `Country_Exit_Dialcode` (country_3_letter,exit_dialcode) VALUES ('IRQ','00');
INSERT INTO `Country_Exit_Dialcode` (country_3_letter,exit_dialcode) VALUES ('IRL','00');
INSERT INTO `Country_Exit_Dialcode` (country_3_letter,exit_dialcode) VALUES ('ISR','00');
INSERT INTO `Country_Exit_Dialcode` (country_3_letter,exit_dialcode) VALUES ('ISR','012');
INSERT INTO `Country_Exit_Dialcode` (country_3_letter,exit_dialcode) VALUES ('ISR','013');
INSERT INTO `Country_Exit_Dialcode` (country_3_letter,exit_dialcode) VALUES ('ISR','014');
INSERT INTO `Country_Exit_Dialcode` (country_3_letter,exit_dialcode) VALUES ('ISR','018');
INSERT INTO `Country_Exit_Dialcode` (country_3_letter,exit_dialcode) VALUES ('ITA','00');
INSERT INTO `Country_Exit_Dialcode` (country_3_letter,exit_dialcode) VALUES ('JAM','011');
INSERT INTO `Country_Exit_Dialcode` (country_3_letter,exit_dialcode) VALUES ('JPN','010');
INSERT INTO `Country_Exit_Dialcode` (country_3_letter,exit_dialcode) VALUES ('JOR','00');
INSERT INTO `Country_Exit_Dialcode` (country_3_letter,exit_dialcode) VALUES ('KAZ','8p10');
INSERT INTO `Country_Exit_Dialcode` (country_3_letter,exit_dialcode) VALUES ('KEN','000');
INSERT INTO `Country_Exit_Dialcode` (country_3_letter,exit_dialcode) VALUES ('KIR','00');
INSERT INTO `Country_Exit_Dialcode` (country_3_letter,exit_dialcode) VALUES ('PRK','99');
INSERT INTO `Country_Exit_Dialcode` (country_3_letter,exit_dialcode) VALUES ('KOR','001');
INSERT INTO `Country_Exit_Dialcode` (country_3_letter,exit_dialcode) VALUES ('KOR','002');
INSERT INTO `Country_Exit_Dialcode` (country_3_letter,exit_dialcode) VALUES ('KWT','00');
INSERT INTO `Country_Exit_Dialcode` (country_3_letter,exit_dialcode) VALUES ('KGZ','00');
INSERT INTO `Country_Exit_Dialcode` (country_3_letter,exit_dialcode) VALUES ('LAO','00');
INSERT INTO `Country_Exit_Dialcode` (country_3_letter,exit_dialcode) VALUES ('LVA','00');
INSERT INTO `Country_Exit_Dialcode` (country_3_letter,exit_dialcode) VALUES ('LBN','00');
INSERT INTO `Country_Exit_Dialcode` (country_3_letter,exit_dialcode) VALUES ('LSO','00');
INSERT INTO `Country_Exit_Dialcode` (country_3_letter,exit_dialcode) VALUES ('LBR','00');
INSERT INTO `Country_Exit_Dialcode` (country_3_letter,exit_dialcode) VALUES ('LBY','00');
INSERT INTO `Country_Exit_Dialcode` (country_3_letter,exit_dialcode) VALUES ('LIE','00');
INSERT INTO `Country_Exit_Dialcode` (country_3_letter,exit_dialcode) VALUES ('LTU','00');
INSERT INTO `Country_Exit_Dialcode` (country_3_letter,exit_dialcode) VALUES ('LUX','00');
INSERT INTO `Country_Exit_Dialcode` (country_3_letter,exit_dialcode) VALUES ('MKD','00');
INSERT INTO `Country_Exit_Dialcode` (country_3_letter,exit_dialcode) VALUES ('MDG','00');
INSERT INTO `Country_Exit_Dialcode` (country_3_letter,exit_dialcode) VALUES ('MWI','00');
INSERT INTO `Country_Exit_Dialcode` (country_3_letter,exit_dialcode) VALUES ('MYS','00');
INSERT INTO `Country_Exit_Dialcode` (country_3_letter,exit_dialcode) VALUES ('MDV','00');
INSERT INTO `Country_Exit_Dialcode` (country_3_letter,exit_dialcode) VALUES ('MLI','00');
INSERT INTO `Country_Exit_Dialcode` (country_3_letter,exit_dialcode) VALUES ('MLT','00');
INSERT INTO `Country_Exit_Dialcode` (country_3_letter,exit_dialcode) VALUES ('MHL','011');
INSERT INTO `Country_Exit_Dialcode` (country_3_letter,exit_dialcode) VALUES ('MRT','00');
INSERT INTO `Country_Exit_Dialcode` (country_3_letter,exit_dialcode) VALUES ('MUS','00');
INSERT INTO `Country_Exit_Dialcode` (country_3_letter,exit_dialcode) VALUES ('MEX','00');
INSERT INTO `Country_Exit_Dialcode` (country_3_letter,exit_dialcode) VALUES ('FSM','011');
INSERT INTO `Country_Exit_Dialcode` (country_3_letter,exit_dialcode) VALUES ('MDA','00');
INSERT INTO `Country_Exit_Dialcode` (country_3_letter,exit_dialcode) VALUES ('MCO','00');
INSERT INTO `Country_Exit_Dialcode` (country_3_letter,exit_dialcode) VALUES ('MNG','001');
INSERT INTO `Country_Exit_Dialcode` (country_3_letter,exit_dialcode) VALUES ('MNE','00');
INSERT INTO `Country_Exit_Dialcode` (country_3_letter,exit_dialcode) VALUES ('MAR','00');
INSERT INTO `Country_Exit_Dialcode` (country_3_letter,exit_dialcode) VALUES ('MOZ','00');
INSERT INTO `Country_Exit_Dialcode` (country_3_letter,exit_dialcode) VALUES ('MMR','00');
INSERT INTO `Country_Exit_Dialcode` (country_3_letter,exit_dialcode) VALUES ('NAM','00');
INSERT INTO `Country_Exit_Dialcode` (country_3_letter,exit_dialcode) VALUES ('NRU','00');
INSERT INTO `Country_Exit_Dialcode` (country_3_letter,exit_dialcode) VALUES ('NPL','00');
INSERT INTO `Country_Exit_Dialcode` (country_3_letter,exit_dialcode) VALUES ('NLD','00');
INSERT INTO `Country_Exit_Dialcode` (country_3_letter,exit_dialcode) VALUES ('NZL','00');
INSERT INTO `Country_Exit_Dialcode` (country_3_letter,exit_dialcode) VALUES ('NIC','00');
INSERT INTO `Country_Exit_Dialcode` (country_3_letter,exit_dialcode) VALUES ('NER','00');
INSERT INTO `Country_Exit_Dialcode` (country_3_letter,exit_dialcode) VALUES ('NGA','009');
INSERT INTO `Country_Exit_Dialcode` (country_3_letter,exit_dialcode) VALUES ('NOR','00');
INSERT INTO `Country_Exit_Dialcode` (country_3_letter,exit_dialcode) VALUES ('OMN','00');
INSERT INTO `Country_Exit_Dialcode` (country_3_letter,exit_dialcode) VALUES ('PAK','00');
INSERT INTO `Country_Exit_Dialcode` (country_3_letter,exit_dialcode) VALUES ('PLW','011');
INSERT INTO `Country_Exit_Dialcode` (country_3_letter,exit_dialcode) VALUES ('PAN','00');
INSERT INTO `Country_Exit_Dialcode` (country_3_letter,exit_dialcode) VALUES ('PNG','05');
INSERT INTO `Country_Exit_Dialcode` (country_3_letter,exit_dialcode) VALUES ('PRY','00');
INSERT INTO `Country_Exit_Dialcode` (country_3_letter,exit_dialcode) VALUES ('PER','00');
INSERT INTO `Country_Exit_Dialcode` (country_3_letter,exit_dialcode) VALUES ('PHL','00');
INSERT INTO `Country_Exit_Dialcode` (country_3_letter,exit_dialcode) VALUES ('POL','00');
INSERT INTO `Country_Exit_Dialcode` (country_3_letter,exit_dialcode) VALUES ('PRT','00');
INSERT INTO `Country_Exit_Dialcode` (country_3_letter,exit_dialcode) VALUES ('PSE','00');
INSERT INTO `Country_Exit_Dialcode` (country_3_letter,exit_dialcode) VALUES ('QAT','00');
INSERT INTO `Country_Exit_Dialcode` (country_3_letter,exit_dialcode) VALUES ('ROU','00');
INSERT INTO `Country_Exit_Dialcode` (country_3_letter,exit_dialcode) VALUES ('RUS','8p10');
INSERT INTO `Country_Exit_Dialcode` (country_3_letter,exit_dialcode) VALUES ('RWA','00');
INSERT INTO `Country_Exit_Dialcode` (country_3_letter,exit_dialcode) VALUES ('KNA','011');
INSERT INTO `Country_Exit_Dialcode` (country_3_letter,exit_dialcode) VALUES ('LCA','011');
INSERT INTO `Country_Exit_Dialcode` (country_3_letter,exit_dialcode) VALUES ('VCT','011');
INSERT INTO `Country_Exit_Dialcode` (country_3_letter,exit_dialcode) VALUES ('WSM','0');
INSERT INTO `Country_Exit_Dialcode` (country_3_letter,exit_dialcode) VALUES ('SMR','00');
INSERT INTO `Country_Exit_Dialcode` (country_3_letter,exit_dialcode) VALUES ('STP','00');
INSERT INTO `Country_Exit_Dialcode` (country_3_letter,exit_dialcode) VALUES ('SAU','00');
INSERT INTO `Country_Exit_Dialcode` (country_3_letter,exit_dialcode) VALUES ('SEN','00');
INSERT INTO `Country_Exit_Dialcode` (country_3_letter,exit_dialcode) VALUES ('SRB','00');
INSERT INTO `Country_Exit_Dialcode` (country_3_letter,exit_dialcode) VALUES ('SYC','00');
INSERT INTO `Country_Exit_Dialcode` (country_3_letter,exit_dialcode) VALUES ('SLE','00');
INSERT INTO `Country_Exit_Dialcode` (country_3_letter,exit_dialcode) VALUES ('SGP','001');
INSERT INTO `Country_Exit_Dialcode` (country_3_letter,exit_dialcode) VALUES ('SGP','008');
INSERT INTO `Country_Exit_Dialcode` (country_3_letter,exit_dialcode) VALUES ('SVK','00');
INSERT INTO `Country_Exit_Dialcode` (country_3_letter,exit_dialcode) VALUES ('SVN','00');
INSERT INTO `Country_Exit_Dialcode` (country_3_letter,exit_dialcode) VALUES ('SLB','00');
INSERT INTO `Country_Exit_Dialcode` (country_3_letter,exit_dialcode) VALUES ('SOM','00');
INSERT INTO `Country_Exit_Dialcode` (country_3_letter,exit_dialcode) VALUES ('ZAF','00');
INSERT INTO `Country_Exit_Dialcode` (country_3_letter,exit_dialcode) VALUES ('ESP','00');
INSERT INTO `Country_Exit_Dialcode` (country_3_letter,exit_dialcode) VALUES ('LKA','00');
INSERT INTO `Country_Exit_Dialcode` (country_3_letter,exit_dialcode) VALUES ('SDN','00');
INSERT INTO `Country_Exit_Dialcode` (country_3_letter,exit_dialcode) VALUES ('SUR','00');
INSERT INTO `Country_Exit_Dialcode` (country_3_letter,exit_dialcode) VALUES ('SWZ','00');
INSERT INTO `Country_Exit_Dialcode` (country_3_letter,exit_dialcode) VALUES ('SWE','00');
INSERT INTO `Country_Exit_Dialcode` (country_3_letter,exit_dialcode) VALUES ('CHE','00');
INSERT INTO `Country_Exit_Dialcode` (country_3_letter,exit_dialcode) VALUES ('SYR','00');
INSERT INTO `Country_Exit_Dialcode` (country_3_letter,exit_dialcode) VALUES ('TJK','8p10');
INSERT INTO `Country_Exit_Dialcode` (country_3_letter,exit_dialcode) VALUES ('TZA','000');
INSERT INTO `Country_Exit_Dialcode` (country_3_letter,exit_dialcode) VALUES ('THA','001');
INSERT INTO `Country_Exit_Dialcode` (country_3_letter,exit_dialcode) VALUES ('TLS','00');
INSERT INTO `Country_Exit_Dialcode` (country_3_letter,exit_dialcode) VALUES ('TGO','00');
INSERT INTO `Country_Exit_Dialcode` (country_3_letter,exit_dialcode) VALUES ('TON','00');
INSERT INTO `Country_Exit_Dialcode` (country_3_letter,exit_dialcode) VALUES ('TTO','011');
INSERT INTO `Country_Exit_Dialcode` (country_3_letter,exit_dialcode) VALUES ('TUN','00');
INSERT INTO `Country_Exit_Dialcode` (country_3_letter,exit_dialcode) VALUES ('TUR','00');
INSERT INTO `Country_Exit_Dialcode` (country_3_letter,exit_dialcode) VALUES ('TKM','8p10');
INSERT INTO `Country_Exit_Dialcode` (country_3_letter,exit_dialcode) VALUES ('TUV','00');
INSERT INTO `Country_Exit_Dialcode` (country_3_letter,exit_dialcode) VALUES ('UGA','000');
INSERT INTO `Country_Exit_Dialcode` (country_3_letter,exit_dialcode) VALUES ('UKR','00');
INSERT INTO `Country_Exit_Dialcode` (country_3_letter,exit_dialcode) VALUES ('ARE','00');
INSERT INTO `Country_Exit_Dialcode` (country_3_letter,exit_dialcode) VALUES ('GBR','00');
INSERT INTO `Country_Exit_Dialcode` (country_3_letter,exit_dialcode) VALUES ('USA','011');
INSERT INTO `Country_Exit_Dialcode` (country_3_letter,exit_dialcode) VALUES ('URY','00');
INSERT INTO `Country_Exit_Dialcode` (country_3_letter,exit_dialcode) VALUES ('UZB','8p10');
INSERT INTO `Country_Exit_Dialcode` (country_3_letter,exit_dialcode) VALUES ('VUT','00');
INSERT INTO `Country_Exit_Dialcode` (country_3_letter,exit_dialcode) VALUES ('VAT','00');
INSERT INTO `Country_Exit_Dialcode` (country_3_letter,exit_dialcode) VALUES ('VEN','00');
INSERT INTO `Country_Exit_Dialcode` (country_3_letter,exit_dialcode) VALUES ('VNM','00');
INSERT INTO `Country_Exit_Dialcode` (country_3_letter,exit_dialcode) VALUES ('YEM','00');
INSERT INTO `Country_Exit_Dialcode` (country_3_letter,exit_dialcode) VALUES ('ZMB','00');
INSERT INTO `Country_Exit_Dialcode` (country_3_letter,exit_dialcode) VALUES ('ZWE','00');
INSERT INTO `Country_Exit_Dialcode` (country_3_letter,exit_dialcode) VALUES ('TWN','002');
INSERT INTO `Country_Exit_Dialcode` (country_3_letter,exit_dialcode) VALUES ('NFK','00');
INSERT INTO `Country_Exit_Dialcode` (country_3_letter,exit_dialcode) VALUES ('NCL','00');
INSERT INTO `Country_Exit_Dialcode` (country_3_letter,exit_dialcode) VALUES ('PYF','00');
INSERT INTO `Country_Exit_Dialcode` (country_3_letter,exit_dialcode) VALUES ('MYT','00');
INSERT INTO `Country_Exit_Dialcode` (country_3_letter,exit_dialcode) VALUES ('SPM','00');
INSERT INTO `Country_Exit_Dialcode` (country_3_letter,exit_dialcode) VALUES ('WLF','00');
INSERT INTO `Country_Exit_Dialcode` (country_3_letter,exit_dialcode) VALUES ('COK','00');
INSERT INTO `Country_Exit_Dialcode` (country_3_letter,exit_dialcode) VALUES ('NIU','00');
INSERT INTO `Country_Exit_Dialcode` (country_3_letter,exit_dialcode) VALUES ('TKL','00');
INSERT INTO `Country_Exit_Dialcode` (country_3_letter,exit_dialcode) VALUES ('AIA','011');
INSERT INTO `Country_Exit_Dialcode` (country_3_letter,exit_dialcode) VALUES ('BMU','011');
INSERT INTO `Country_Exit_Dialcode` (country_3_letter,exit_dialcode) VALUES ('IOT','00');
INSERT INTO `Country_Exit_Dialcode` (country_3_letter,exit_dialcode) VALUES ('VGB','011');
INSERT INTO `Country_Exit_Dialcode` (country_3_letter,exit_dialcode) VALUES ('CYM','011');
INSERT INTO `Country_Exit_Dialcode` (country_3_letter,exit_dialcode) VALUES ('FLK','00');
INSERT INTO `Country_Exit_Dialcode` (country_3_letter,exit_dialcode) VALUES ('GIB','00');
INSERT INTO `Country_Exit_Dialcode` (country_3_letter,exit_dialcode) VALUES ('MSR','011');
INSERT INTO `Country_Exit_Dialcode` (country_3_letter,exit_dialcode) VALUES ('SHN','00');
INSERT INTO `Country_Exit_Dialcode` (country_3_letter,exit_dialcode) VALUES ('TCA','0');
INSERT INTO `Country_Exit_Dialcode` (country_3_letter,exit_dialcode) VALUES ('MNP','011');
INSERT INTO `Country_Exit_Dialcode` (country_3_letter,exit_dialcode) VALUES ('PRI','011');
INSERT INTO `Country_Exit_Dialcode` (country_3_letter,exit_dialcode) VALUES ('PRI','011');
INSERT INTO `Country_Exit_Dialcode` (country_3_letter,exit_dialcode) VALUES ('ASM','011');
INSERT INTO `Country_Exit_Dialcode` (country_3_letter,exit_dialcode) VALUES ('GUM','011');
INSERT INTO `Country_Exit_Dialcode` (country_3_letter,exit_dialcode) VALUES ('VIR','011');
INSERT INTO `Country_Exit_Dialcode` (country_3_letter,exit_dialcode) VALUES ('HKG','001');
INSERT INTO `Country_Exit_Dialcode` (country_3_letter,exit_dialcode) VALUES ('MAC','00');
INSERT INTO `Country_Exit_Dialcode` (country_3_letter,exit_dialcode) VALUES ('FRO','00');
INSERT INTO `Country_Exit_Dialcode` (country_3_letter,exit_dialcode) VALUES ('GRL','00');
INSERT INTO `Country_Exit_Dialcode` (country_3_letter,exit_dialcode) VALUES ('GUF','00');
INSERT INTO `Country_Exit_Dialcode` (country_3_letter,exit_dialcode) VALUES ('GLP','00');
INSERT INTO `Country_Exit_Dialcode` (country_3_letter,exit_dialcode) VALUES ('MTQ','00');
INSERT INTO `Country_Exit_Dialcode` (country_3_letter,exit_dialcode) VALUES ('REU','00');
INSERT INTO `Country_Exit_Dialcode` (country_3_letter,exit_dialcode) VALUES ('ABW','00');
INSERT INTO `Country_Exit_Dialcode` (country_3_letter,exit_dialcode) VALUES ('ANT','00');
INSERT INTO `Country_Exit_Dialcode` (country_3_letter,exit_dialcode) VALUES ('ASC','00');

--
-- Dumping data for table `Country_Names`
--

INSERT INTO `Country_Names` (country_3_letter,language_3_letter,country_name) VALUES ('ABW','ENG','Aruba');
INSERT INTO `Country_Names` (country_3_letter,language_3_letter,country_name) VALUES ('AFG','ENG','Afghanistan');
INSERT INTO `Country_Names` (country_3_letter,language_3_letter,country_name) VALUES ('AGO','ENG','Angola');
INSERT INTO `Country_Names` (country_3_letter,language_3_letter,country_name) VALUES ('AIA','ENG','Anguilla');
INSERT INTO `Country_Names` (country_3_letter,language_3_letter,country_name) VALUES ('ALA','ENG','Aland');
INSERT INTO `Country_Names` (country_3_letter,language_3_letter,country_name) VALUES ('ALB','ENG','Albania');
INSERT INTO `Country_Names` (country_3_letter,language_3_letter,country_name) VALUES ('AND','ENG','Andorra');
INSERT INTO `Country_Names` (country_3_letter,language_3_letter,country_name) VALUES ('ANT','ENG','Netherlands Antilles');
INSERT INTO `Country_Names` (country_3_letter,language_3_letter,country_name) VALUES ('ARE','ENG','United Arab Emirates');
INSERT INTO `Country_Names` (country_3_letter,language_3_letter,country_name) VALUES ('ARG','ENG','Argentina');
INSERT INTO `Country_Names` (country_3_letter,language_3_letter,country_name) VALUES ('ARM','ENG','Armenia');
INSERT INTO `Country_Names` (country_3_letter,language_3_letter,country_name) VALUES ('ASC','ENG','Ascension');
INSERT INTO `Country_Names` (country_3_letter,language_3_letter,country_name) VALUES ('ASM','ENG','American Samoa');
INSERT INTO `Country_Names` (country_3_letter,language_3_letter,country_name) VALUES ('ATA','ENG','Antarctica');
INSERT INTO `Country_Names` (country_3_letter,language_3_letter,country_name) VALUES ('ATF','ENG','French Southern and Antarctic Lands');
INSERT INTO `Country_Names` (country_3_letter,language_3_letter,country_name) VALUES ('ATG','ENG','Antigua and Barbuda');
INSERT INTO `Country_Names` (country_3_letter,language_3_letter,country_name) VALUES ('AUS','ENG','Australia');
INSERT INTO `Country_Names` (country_3_letter,language_3_letter,country_name) VALUES ('AUT','ENG','Austria');
INSERT INTO `Country_Names` (country_3_letter,language_3_letter,country_name) VALUES ('AZE','ENG','Azerbaijan');
INSERT INTO `Country_Names` (country_3_letter,language_3_letter,country_name) VALUES ('BDI','ENG','Burundi');
INSERT INTO `Country_Names` (country_3_letter,language_3_letter,country_name) VALUES ('BEL','ENG','Belgium');
INSERT INTO `Country_Names` (country_3_letter,language_3_letter,country_name) VALUES ('BEN','ENG','Benin');
INSERT INTO `Country_Names` (country_3_letter,language_3_letter,country_name) VALUES ('BFA','ENG','Burkina Faso');
INSERT INTO `Country_Names` (country_3_letter,language_3_letter,country_name) VALUES ('BGD','ENG','Bangladesh');
INSERT INTO `Country_Names` (country_3_letter,language_3_letter,country_name) VALUES ('BGR','ENG','Bulgaria');
INSERT INTO `Country_Names` (country_3_letter,language_3_letter,country_name) VALUES ('BHR','ENG','Bahrain');
INSERT INTO `Country_Names` (country_3_letter,language_3_letter,country_name) VALUES ('BHS','ENG','Bahamas, The');
INSERT INTO `Country_Names` (country_3_letter,language_3_letter,country_name) VALUES ('BIH','ENG','Bosnia and Herzegovina');
INSERT INTO `Country_Names` (country_3_letter,language_3_letter,country_name) VALUES ('BLR','ENG','Belarus');
INSERT INTO `Country_Names` (country_3_letter,language_3_letter,country_name) VALUES ('BLZ','ENG','Belize');
INSERT INTO `Country_Names` (country_3_letter,language_3_letter,country_name) VALUES ('BMU','ENG','Bermuda');
INSERT INTO `Country_Names` (country_3_letter,language_3_letter,country_name) VALUES ('BOL','ENG','Bolivia');
INSERT INTO `Country_Names` (country_3_letter,language_3_letter,country_name) VALUES ('BRA','ENG','Brazil');
INSERT INTO `Country_Names` (country_3_letter,language_3_letter,country_name) VALUES ('BRB','ENG','Barbados');
INSERT INTO `Country_Names` (country_3_letter,language_3_letter,country_name) VALUES ('BRN','ENG','Brunei');
INSERT INTO `Country_Names` (country_3_letter,language_3_letter,country_name) VALUES ('BTN','ENG','Bhutan');
INSERT INTO `Country_Names` (country_3_letter,language_3_letter,country_name) VALUES ('BVT','ENG','Bouvet Island');
INSERT INTO `Country_Names` (country_3_letter,language_3_letter,country_name) VALUES ('BWA','ENG','Botswana');
INSERT INTO `Country_Names` (country_3_letter,language_3_letter,country_name) VALUES ('CAF','ENG','Central African Republic');
INSERT INTO `Country_Names` (country_3_letter,language_3_letter,country_name) VALUES ('CAN','ENG','Canada');
INSERT INTO `Country_Names` (country_3_letter,language_3_letter,country_name) VALUES ('CCK','ENG','Cocos (Keeling) Islands');
INSERT INTO `Country_Names` (country_3_letter,language_3_letter,country_name) VALUES ('CHE','ENG','Switzerland');
INSERT INTO `Country_Names` (country_3_letter,language_3_letter,country_name) VALUES ('CHL','ENG','Chile');
INSERT INTO `Country_Names` (country_3_letter,language_3_letter,country_name) VALUES ('CHN','ENG',"China, People's Republic of");
INSERT INTO `Country_Names` (country_3_letter,language_3_letter,country_name) VALUES ('CIV','ENG',"Cote d'Ivoire (Ivory Coast)");
INSERT INTO `Country_Names` (country_3_letter,language_3_letter,country_name) VALUES ('CMR','ENG','Cameroon');
INSERT INTO `Country_Names` (country_3_letter,language_3_letter,country_name) VALUES ('COD','ENG','Congo, Democratic Republic of the (Congo - Kinshasa)');
INSERT INTO `Country_Names` (country_3_letter,language_3_letter,country_name) VALUES ('COG','ENG','Congo, Republic of the (Congo - Brazzaville)');
INSERT INTO `Country_Names` (country_3_letter,language_3_letter,country_name) VALUES ('COK','ENG','Cook Islands');
INSERT INTO `Country_Names` (country_3_letter,language_3_letter,country_name) VALUES ('COL','ENG','Colombia');
INSERT INTO `Country_Names` (country_3_letter,language_3_letter,country_name) VALUES ('COM','ENG','Comoros');
INSERT INTO `Country_Names` (country_3_letter,language_3_letter,country_name) VALUES ('CPV','ENG','Cape Verde');
INSERT INTO `Country_Names` (country_3_letter,language_3_letter,country_name) VALUES ('CRI','ENG','Costa Rica');
INSERT INTO `Country_Names` (country_3_letter,language_3_letter,country_name) VALUES ('CUB','ENG','Cuba');
INSERT INTO `Country_Names` (country_3_letter,language_3_letter,country_name) VALUES ('CXR','ENG','Christmas Island');
INSERT INTO `Country_Names` (country_3_letter,language_3_letter,country_name) VALUES ('CYM','ENG','Cayman Islands');
INSERT INTO `Country_Names` (country_3_letter,language_3_letter,country_name) VALUES ('CYP','ENG','Cyprus');
INSERT INTO `Country_Names` (country_3_letter,language_3_letter,country_name) VALUES ('CZE','ENG','Czech Republic');
INSERT INTO `Country_Names` (country_3_letter,language_3_letter,country_name) VALUES ('DEU','ENG','Germany');
INSERT INTO `Country_Names` (country_3_letter,language_3_letter,country_name) VALUES ('DJI','ENG','Djibouti');
INSERT INTO `Country_Names` (country_3_letter,language_3_letter,country_name) VALUES ('DMA','ENG','Dominica');
INSERT INTO `Country_Names` (country_3_letter,language_3_letter,country_name) VALUES ('DNK','ENG','Denmark');
INSERT INTO `Country_Names` (country_3_letter,language_3_letter,country_name) VALUES ('DOM','ENG','Dominican Republic');
INSERT INTO `Country_Names` (country_3_letter,language_3_letter,country_name) VALUES ('DZA','ENG','Algeria');
INSERT INTO `Country_Names` (country_3_letter,language_3_letter,country_name) VALUES ('ECU','ENG','Ecuador');
INSERT INTO `Country_Names` (country_3_letter,language_3_letter,country_name) VALUES ('EGY','ENG','Egypt');
INSERT INTO `Country_Names` (country_3_letter,language_3_letter,country_name) VALUES ('ERI','ENG','Eritrea');
INSERT INTO `Country_Names` (country_3_letter,language_3_letter,country_name) VALUES ('ESH','ENG','Western Sahara');
INSERT INTO `Country_Names` (country_3_letter,language_3_letter,country_name) VALUES ('ESP','ENG','Spain');
INSERT INTO `Country_Names` (country_3_letter,language_3_letter,country_name) VALUES ('EST','ENG','Estonia');
INSERT INTO `Country_Names` (country_3_letter,language_3_letter,country_name) VALUES ('ETH','ENG','Ethiopia');
INSERT INTO `Country_Names` (country_3_letter,language_3_letter,country_name) VALUES ('FIN','ENG','Finland');
INSERT INTO `Country_Names` (country_3_letter,language_3_letter,country_name) VALUES ('FJI','ENG','Fiji');
INSERT INTO `Country_Names` (country_3_letter,language_3_letter,country_name) VALUES ('FLK','ENG','Falkland Islands (Islas Malvinas)');
INSERT INTO `Country_Names` (country_3_letter,language_3_letter,country_name) VALUES ('FRA','ENG','France');
INSERT INTO `Country_Names` (country_3_letter,language_3_letter,country_name) VALUES ('FRO','ENG','Faroe Islands');
INSERT INTO `Country_Names` (country_3_letter,language_3_letter,country_name) VALUES ('FSM','ENG','Micronesia');
INSERT INTO `Country_Names` (country_3_letter,language_3_letter,country_name) VALUES ('GAB','ENG','Gabon');
INSERT INTO `Country_Names` (country_3_letter,language_3_letter,country_name) VALUES ('GBR','ENG','United Kingdom');
INSERT INTO `Country_Names` (country_3_letter,language_3_letter,country_name) VALUES ('GEO','ENG','Georgia');
INSERT INTO `Country_Names` (country_3_letter,language_3_letter,country_name) VALUES ('GGY','ENG','Guernsey');
INSERT INTO `Country_Names` (country_3_letter,language_3_letter,country_name) VALUES ('GHA','ENG','Ghana');
INSERT INTO `Country_Names` (country_3_letter,language_3_letter,country_name) VALUES ('GIB','ENG','Gibraltar');
INSERT INTO `Country_Names` (country_3_letter,language_3_letter,country_name) VALUES ('GIN','ENG','Guinea');
INSERT INTO `Country_Names` (country_3_letter,language_3_letter,country_name) VALUES ('GLP','ENG','Guadeloupe');
INSERT INTO `Country_Names` (country_3_letter,language_3_letter,country_name) VALUES ('GMB','ENG','Gambia, The');
INSERT INTO `Country_Names` (country_3_letter,language_3_letter,country_name) VALUES ('GNB','ENG','Guinea-Bissau');
INSERT INTO `Country_Names` (country_3_letter,language_3_letter,country_name) VALUES ('GNQ','ENG','Equatorial Guinea');
INSERT INTO `Country_Names` (country_3_letter,language_3_letter,country_name) VALUES ('GRC','ENG','Greece');
INSERT INTO `Country_Names` (country_3_letter,language_3_letter,country_name) VALUES ('GRD','ENG','Grenada');
INSERT INTO `Country_Names` (country_3_letter,language_3_letter,country_name) VALUES ('GRL','ENG','Greenland');
INSERT INTO `Country_Names` (country_3_letter,language_3_letter,country_name) VALUES ('GTM','ENG','Guatemala');
INSERT INTO `Country_Names` (country_3_letter,language_3_letter,country_name) VALUES ('GUF','ENG','French Guiana');
INSERT INTO `Country_Names` (country_3_letter,language_3_letter,country_name) VALUES ('GUM','ENG','Guam');
INSERT INTO `Country_Names` (country_3_letter,language_3_letter,country_name) VALUES ('GUY','ENG','Guyana');
INSERT INTO `Country_Names` (country_3_letter,language_3_letter,country_name) VALUES ('HKG','ENG','Hong Kong');
INSERT INTO `Country_Names` (country_3_letter,language_3_letter,country_name) VALUES ('HMD','ENG','Heard Island and McDonald Islands');
INSERT INTO `Country_Names` (country_3_letter,language_3_letter,country_name) VALUES ('HND','ENG','Honduras');
INSERT INTO `Country_Names` (country_3_letter,language_3_letter,country_name) VALUES ('HRV','ENG','Croatia');
INSERT INTO `Country_Names` (country_3_letter,language_3_letter,country_name) VALUES ('HTI','ENG','Haiti');
INSERT INTO `Country_Names` (country_3_letter,language_3_letter,country_name) VALUES ('HUN','ENG','Hungary');
INSERT INTO `Country_Names` (country_3_letter,language_3_letter,country_name) VALUES ('IDN','ENG','Indonesia');
INSERT INTO `Country_Names` (country_3_letter,language_3_letter,country_name) VALUES ('IMN','ENG','Isle of Man');
INSERT INTO `Country_Names` (country_3_letter,language_3_letter,country_name) VALUES ('IND','ENG','India');
INSERT INTO `Country_Names` (country_3_letter,language_3_letter,country_name) VALUES ('IOT','ENG','British Indian Ocean Territory');
INSERT INTO `Country_Names` (country_3_letter,language_3_letter,country_name) VALUES ('IRL','ENG','Ireland');
INSERT INTO `Country_Names` (country_3_letter,language_3_letter,country_name) VALUES ('IRN','ENG','Iran');
INSERT INTO `Country_Names` (country_3_letter,language_3_letter,country_name) VALUES ('IRQ','ENG','Iraq');
INSERT INTO `Country_Names` (country_3_letter,language_3_letter,country_name) VALUES ('ISL','ENG','Iceland');
INSERT INTO `Country_Names` (country_3_letter,language_3_letter,country_name) VALUES ('ISR','ENG','Israel');
INSERT INTO `Country_Names` (country_3_letter,language_3_letter,country_name) VALUES ('ITA','ENG','Italy');
INSERT INTO `Country_Names` (country_3_letter,language_3_letter,country_name) VALUES ('JAM','ENG','Jamaica');
INSERT INTO `Country_Names` (country_3_letter,language_3_letter,country_name) VALUES ('JEY','ENG','Jersey');
INSERT INTO `Country_Names` (country_3_letter,language_3_letter,country_name) VALUES ('JOR','ENG','Jordan');
INSERT INTO `Country_Names` (country_3_letter,language_3_letter,country_name) VALUES ('JPN','ENG','Japan');
INSERT INTO `Country_Names` (country_3_letter,language_3_letter,country_name) VALUES ('KAZ','ENG','Kazakhstan');
INSERT INTO `Country_Names` (country_3_letter,language_3_letter,country_name) VALUES ('KEN','ENG','Kenya');
INSERT INTO `Country_Names` (country_3_letter,language_3_letter,country_name) VALUES ('KGZ','ENG','Kyrgyzstan');
INSERT INTO `Country_Names` (country_3_letter,language_3_letter,country_name) VALUES ('KHM','ENG','Cambodia');
INSERT INTO `Country_Names` (country_3_letter,language_3_letter,country_name) VALUES ('KIR','ENG','Kiribati');
INSERT INTO `Country_Names` (country_3_letter,language_3_letter,country_name) VALUES ('KNA','ENG','Saint Kitts and Nevis');
INSERT INTO `Country_Names` (country_3_letter,language_3_letter,country_name) VALUES ('KOR','ENG','Korea, Republic of  (South Korea)');
INSERT INTO `Country_Names` (country_3_letter,language_3_letter,country_name) VALUES ('KWT','ENG','Kuwait');
INSERT INTO `Country_Names` (country_3_letter,language_3_letter,country_name) VALUES ('LAO','ENG','Laos');
INSERT INTO `Country_Names` (country_3_letter,language_3_letter,country_name) VALUES ('LBN','ENG','Lebanon');
INSERT INTO `Country_Names` (country_3_letter,language_3_letter,country_name) VALUES ('LBR','ENG','Liberia');
INSERT INTO `Country_Names` (country_3_letter,language_3_letter,country_name) VALUES ('LBY','ENG','Libya');
INSERT INTO `Country_Names` (country_3_letter,language_3_letter,country_name) VALUES ('LCA','ENG','Saint Lucia');
INSERT INTO `Country_Names` (country_3_letter,language_3_letter,country_name) VALUES ('LIE','ENG','Liechtenstein');
INSERT INTO `Country_Names` (country_3_letter,language_3_letter,country_name) VALUES ('LKA','ENG','Sri Lanka');
INSERT INTO `Country_Names` (country_3_letter,language_3_letter,country_name) VALUES ('LSO','ENG','Lesotho');
INSERT INTO `Country_Names` (country_3_letter,language_3_letter,country_name) VALUES ('LTU','ENG','Lithuania');
INSERT INTO `Country_Names` (country_3_letter,language_3_letter,country_name) VALUES ('LUX','ENG','Luxembourg');
INSERT INTO `Country_Names` (country_3_letter,language_3_letter,country_name) VALUES ('LVA','ENG','Latvia');
INSERT INTO `Country_Names` (country_3_letter,language_3_letter,country_name) VALUES ('MAC','ENG','Macau');
INSERT INTO `Country_Names` (country_3_letter,language_3_letter,country_name) VALUES ('MAR','ENG','Morocco');
INSERT INTO `Country_Names` (country_3_letter,language_3_letter,country_name) VALUES ('MCO','ENG','Monaco');
INSERT INTO `Country_Names` (country_3_letter,language_3_letter,country_name) VALUES ('MDA','ENG','Moldova');
INSERT INTO `Country_Names` (country_3_letter,language_3_letter,country_name) VALUES ('MDG','ENG','Madagascar');
INSERT INTO `Country_Names` (country_3_letter,language_3_letter,country_name) VALUES ('MDV','ENG','Maldives');
INSERT INTO `Country_Names` (country_3_letter,language_3_letter,country_name) VALUES ('MEX','ENG','Mexico');
INSERT INTO `Country_Names` (country_3_letter,language_3_letter,country_name) VALUES ('MHL','ENG','Marshall Islands');
INSERT INTO `Country_Names` (country_3_letter,language_3_letter,country_name) VALUES ('MKD','ENG','Macedonia');
INSERT INTO `Country_Names` (country_3_letter,language_3_letter,country_name) VALUES ('MLI','ENG','Mali');
INSERT INTO `Country_Names` (country_3_letter,language_3_letter,country_name) VALUES ('MLT','ENG','Malta');
INSERT INTO `Country_Names` (country_3_letter,language_3_letter,country_name) VALUES ('MMR','ENG','Myanmar (Burma)');
INSERT INTO `Country_Names` (country_3_letter,language_3_letter,country_name) VALUES ('MNE','ENG','Montenegro');
INSERT INTO `Country_Names` (country_3_letter,language_3_letter,country_name) VALUES ('MNG','ENG','Mongolia');
INSERT INTO `Country_Names` (country_3_letter,language_3_letter,country_name) VALUES ('MNP','ENG','Northern Mariana Islands');
INSERT INTO `Country_Names` (country_3_letter,language_3_letter,country_name) VALUES ('MOZ','ENG','Mozambique');
INSERT INTO `Country_Names` (country_3_letter,language_3_letter,country_name) VALUES ('MRT','ENG','Mauritania');
INSERT INTO `Country_Names` (country_3_letter,language_3_letter,country_name) VALUES ('MSR','ENG','Montserrat');
INSERT INTO `Country_Names` (country_3_letter,language_3_letter,country_name) VALUES ('MTQ','ENG','Martinique');
INSERT INTO `Country_Names` (country_3_letter,language_3_letter,country_name) VALUES ('MUS','ENG','Mauritius');
INSERT INTO `Country_Names` (country_3_letter,language_3_letter,country_name) VALUES ('MWI','ENG','Malawi');
INSERT INTO `Country_Names` (country_3_letter,language_3_letter,country_name) VALUES ('MYS','ENG','Malaysia');
INSERT INTO `Country_Names` (country_3_letter,language_3_letter,country_name) VALUES ('MYT','ENG','Mayotte');
INSERT INTO `Country_Names` (country_3_letter,language_3_letter,country_name) VALUES ('NAM','ENG','Namibia');
INSERT INTO `Country_Names` (country_3_letter,language_3_letter,country_name) VALUES ('NCL','ENG','New Caledonia');
INSERT INTO `Country_Names` (country_3_letter,language_3_letter,country_name) VALUES ('NER','ENG','Niger');
INSERT INTO `Country_Names` (country_3_letter,language_3_letter,country_name) VALUES ('NFK','ENG','Norfolk Island');
INSERT INTO `Country_Names` (country_3_letter,language_3_letter,country_name) VALUES ('NGA','ENG','Nigeria');
INSERT INTO `Country_Names` (country_3_letter,language_3_letter,country_name) VALUES ('NIC','ENG','Nicaragua');
INSERT INTO `Country_Names` (country_3_letter,language_3_letter,country_name) VALUES ('NIU','ENG','Niue');
INSERT INTO `Country_Names` (country_3_letter,language_3_letter,country_name) VALUES ('NLD','ENG','Netherlands');
INSERT INTO `Country_Names` (country_3_letter,language_3_letter,country_name) VALUES ('NOR','ENG','Norway');
INSERT INTO `Country_Names` (country_3_letter,language_3_letter,country_name) VALUES ('NPL','ENG','Nepal');
INSERT INTO `Country_Names` (country_3_letter,language_3_letter,country_name) VALUES ('NRU','ENG','Nauru');
INSERT INTO `Country_Names` (country_3_letter,language_3_letter,country_name) VALUES ('NZL','ENG','New Zealand');
INSERT INTO `Country_Names` (country_3_letter,language_3_letter,country_name) VALUES ('OMN','ENG','Oman');
INSERT INTO `Country_Names` (country_3_letter,language_3_letter,country_name) VALUES ('PAK','ENG','Pakistan');
INSERT INTO `Country_Names` (country_3_letter,language_3_letter,country_name) VALUES ('PAN','ENG','Panama');
INSERT INTO `Country_Names` (country_3_letter,language_3_letter,country_name) VALUES ('PCN','ENG','Pitcairn Islands');
INSERT INTO `Country_Names` (country_3_letter,language_3_letter,country_name) VALUES ('PER','ENG','Peru');
INSERT INTO `Country_Names` (country_3_letter,language_3_letter,country_name) VALUES ('PHL','ENG','Philippines');
INSERT INTO `Country_Names` (country_3_letter,language_3_letter,country_name) VALUES ('PLW','ENG','Palau');
INSERT INTO `Country_Names` (country_3_letter,language_3_letter,country_name) VALUES ('PNG','ENG','Papua New Guinea');
INSERT INTO `Country_Names` (country_3_letter,language_3_letter,country_name) VALUES ('POL','ENG','Poland');
INSERT INTO `Country_Names` (country_3_letter,language_3_letter,country_name) VALUES ('PRI','ENG','Puerto Rico');
INSERT INTO `Country_Names` (country_3_letter,language_3_letter,country_name) VALUES ('PRK','ENG',"Korea, Democratic People's Republic of (North Korea)");
INSERT INTO `Country_Names` (country_3_letter,language_3_letter,country_name) VALUES ('PRT','ENG','Portugal');
INSERT INTO `Country_Names` (country_3_letter,language_3_letter,country_name) VALUES ('PRY','ENG','Paraguay');
INSERT INTO `Country_Names` (country_3_letter,language_3_letter,country_name) VALUES ('PSE','ENG','Palestinian Territories (Gaza Strip and West Bank)');
INSERT INTO `Country_Names` (country_3_letter,language_3_letter,country_name) VALUES ('PYF','ENG','French Polynesia');
INSERT INTO `Country_Names` (country_3_letter,language_3_letter,country_name) VALUES ('QAT','ENG','Qatar');
INSERT INTO `Country_Names` (country_3_letter,language_3_letter,country_name) VALUES ('REU','ENG','Reunion');
INSERT INTO `Country_Names` (country_3_letter,language_3_letter,country_name) VALUES ('ROU','ENG','Romania');
INSERT INTO `Country_Names` (country_3_letter,language_3_letter,country_name) VALUES ('RUS','ENG','Russia');
INSERT INTO `Country_Names` (country_3_letter,language_3_letter,country_name) VALUES ('RWA','ENG','Rwanda');
INSERT INTO `Country_Names` (country_3_letter,language_3_letter,country_name) VALUES ('SAU','ENG','Saudi Arabia');
INSERT INTO `Country_Names` (country_3_letter,language_3_letter,country_name) VALUES ('SCG','ENG','Kosovo');
INSERT INTO `Country_Names` (country_3_letter,language_3_letter,country_name) VALUES ('SDN','ENG','Sudan');
INSERT INTO `Country_Names` (country_3_letter,language_3_letter,country_name) VALUES ('SEN','ENG','Senegal');
INSERT INTO `Country_Names` (country_3_letter,language_3_letter,country_name) VALUES ('SGP','ENG','Singapore');
INSERT INTO `Country_Names` (country_3_letter,language_3_letter,country_name) VALUES ('SGS','ENG','South Georgia and the South Sandwich Islands');
INSERT INTO `Country_Names` (country_3_letter,language_3_letter,country_name) VALUES ('SHN','ENG','Saint Helena');
INSERT INTO `Country_Names` (country_3_letter,language_3_letter,country_name) VALUES ('SJM','ENG','Svalbard');
INSERT INTO `Country_Names` (country_3_letter,language_3_letter,country_name) VALUES ('SLB','ENG','Solomon Islands');
INSERT INTO `Country_Names` (country_3_letter,language_3_letter,country_name) VALUES ('SLE','ENG','Sierra Leone');
INSERT INTO `Country_Names` (country_3_letter,language_3_letter,country_name) VALUES ('SLV','ENG','El Salvador');
INSERT INTO `Country_Names` (country_3_letter,language_3_letter,country_name) VALUES ('SMR','ENG','San Marino');
INSERT INTO `Country_Names` (country_3_letter,language_3_letter,country_name) VALUES ('SOM','ENG','Somalia');
INSERT INTO `Country_Names` (country_3_letter,language_3_letter,country_name) VALUES ('SPM','ENG','Saint Pierre and Miquelon');
INSERT INTO `Country_Names` (country_3_letter,language_3_letter,country_name) VALUES ('SRB','ENG','Serbia');
INSERT INTO `Country_Names` (country_3_letter,language_3_letter,country_name) VALUES ('STP','ENG','Sao Tome and Principe');
INSERT INTO `Country_Names` (country_3_letter,language_3_letter,country_name) VALUES ('SUR','ENG','Suriname');
INSERT INTO `Country_Names` (country_3_letter,language_3_letter,country_name) VALUES ('SVK','ENG','Slovakia');
INSERT INTO `Country_Names` (country_3_letter,language_3_letter,country_name) VALUES ('SVN','ENG','Slovenia');
INSERT INTO `Country_Names` (country_3_letter,language_3_letter,country_name) VALUES ('SWE','ENG','Sweden');
INSERT INTO `Country_Names` (country_3_letter,language_3_letter,country_name) VALUES ('SWZ','ENG','Swaziland');
INSERT INTO `Country_Names` (country_3_letter,language_3_letter,country_name) VALUES ('SYC','ENG','Seychelles');
INSERT INTO `Country_Names` (country_3_letter,language_3_letter,country_name) VALUES ('SYR','ENG','Syria');
INSERT INTO `Country_Names` (country_3_letter,language_3_letter,country_name) VALUES ('TAA','ENG','Tristan da Cunha');
INSERT INTO `Country_Names` (country_3_letter,language_3_letter,country_name) VALUES ('TCA','ENG','Turks and Caicos Islands');
INSERT INTO `Country_Names` (country_3_letter,language_3_letter,country_name) VALUES ('TCD','ENG','Chad');
INSERT INTO `Country_Names` (country_3_letter,language_3_letter,country_name) VALUES ('TGO','ENG','Togo');
INSERT INTO `Country_Names` (country_3_letter,language_3_letter,country_name) VALUES ('THA','ENG','Thailand');
INSERT INTO `Country_Names` (country_3_letter,language_3_letter,country_name) VALUES ('TJK','ENG','Tajikistan');
INSERT INTO `Country_Names` (country_3_letter,language_3_letter,country_name) VALUES ('TKL','ENG','Tokelau');
INSERT INTO `Country_Names` (country_3_letter,language_3_letter,country_name) VALUES ('TKM','ENG','Turkmenistan');
INSERT INTO `Country_Names` (country_3_letter,language_3_letter,country_name) VALUES ('TLS','ENG','Timor-Leste (East Timor)');
INSERT INTO `Country_Names` (country_3_letter,language_3_letter,country_name) VALUES ('TON','ENG','Tonga');
INSERT INTO `Country_Names` (country_3_letter,language_3_letter,country_name) VALUES ('TTO','ENG','Trinidad and Tobago');
INSERT INTO `Country_Names` (country_3_letter,language_3_letter,country_name) VALUES ('TUN','ENG','Tunisia');
INSERT INTO `Country_Names` (country_3_letter,language_3_letter,country_name) VALUES ('TUR','ENG','Turkey');
INSERT INTO `Country_Names` (country_3_letter,language_3_letter,country_name) VALUES ('TUV','ENG','Tuvalu');
INSERT INTO `Country_Names` (country_3_letter,language_3_letter,country_name) VALUES ('TWN','ENG','China, Republic of (Taiwan)');
INSERT INTO `Country_Names` (country_3_letter,language_3_letter,country_name) VALUES ('TZA','ENG','Tanzania');
INSERT INTO `Country_Names` (country_3_letter,language_3_letter,country_name) VALUES ('UGA','ENG','Uganda');
INSERT INTO `Country_Names` (country_3_letter,language_3_letter,country_name) VALUES ('UKR','ENG','Ukraine');
INSERT INTO `Country_Names` (country_3_letter,language_3_letter,country_name) VALUES ('UMI','ENG','United States Minor Outlying Islands');
INSERT INTO `Country_Names` (country_3_letter,language_3_letter,country_name) VALUES ('URY','ENG','Uruguay');
INSERT INTO `Country_Names` (country_3_letter,language_3_letter,country_name) VALUES ('USA','ENG','United States');
INSERT INTO `Country_Names` (country_3_letter,language_3_letter,country_name) VALUES ('UZB','ENG','Uzbekistan');
INSERT INTO `Country_Names` (country_3_letter,language_3_letter,country_name) VALUES ('VAT','ENG','Vatican City');
INSERT INTO `Country_Names` (country_3_letter,language_3_letter,country_name) VALUES ('VCT','ENG','Saint Vincent and the Grenadines');
INSERT INTO `Country_Names` (country_3_letter,language_3_letter,country_name) VALUES ('VEN','ENG','Venezuela');
INSERT INTO `Country_Names` (country_3_letter,language_3_letter,country_name) VALUES ('VGB','ENG','British Virgin Islands');
INSERT INTO `Country_Names` (country_3_letter,language_3_letter,country_name) VALUES ('VIR','ENG','U.S. Virgin Islands');
INSERT INTO `Country_Names` (country_3_letter,language_3_letter,country_name) VALUES ('VNM','ENG','Vietnam');
INSERT INTO `Country_Names` (country_3_letter,language_3_letter,country_name) VALUES ('VUT','ENG','Vanuatu');
INSERT INTO `Country_Names` (country_3_letter,language_3_letter,country_name) VALUES ('WLF','ENG','Wallis and Futuna');
INSERT INTO `Country_Names` (country_3_letter,language_3_letter,country_name) VALUES ('WSM','ENG','Samoa');
INSERT INTO `Country_Names` (country_3_letter,language_3_letter,country_name) VALUES ('YEM','ENG','Yemen');
INSERT INTO `Country_Names` (country_3_letter,language_3_letter,country_name) VALUES ('ZAF','ENG','South Africa');
INSERT INTO `Country_Names` (country_3_letter,language_3_letter,country_name) VALUES ('ZMB','ENG','Zambia');
INSERT INTO `Country_Names` (country_3_letter,language_3_letter,country_name) VALUES ('ZWE','ENG','Zimbabwe');

--
-- Dumping data for table `Country_Trunk_Code`
--

INSERT INTO `Country_Trunk_Code` VALUES (1,'AFG','0');
INSERT INTO `Country_Trunk_Code` VALUES (2,'ALB','0');
INSERT INTO `Country_Trunk_Code` VALUES (3,'DZA','0');
INSERT INTO `Country_Trunk_Code` VALUES (4,'ASM','1');
INSERT INTO `Country_Trunk_Code` VALUES (5,'AND',NULL);
INSERT INTO `Country_Trunk_Code` VALUES (6,'AGO','0');
INSERT INTO `Country_Trunk_Code` VALUES (7,'AIA','1');
INSERT INTO `Country_Trunk_Code` VALUES (8,'ATG','1');
INSERT INTO `Country_Trunk_Code` VALUES (9,'ARG','0');
INSERT INTO `Country_Trunk_Code` VALUES (10,'ARM','0');
INSERT INTO `Country_Trunk_Code` VALUES (11,'ABW',NULL);
INSERT INTO `Country_Trunk_Code` VALUES (12,'ASC',NULL);
INSERT INTO `Country_Trunk_Code` VALUES (13,'AUS','0');
INSERT INTO `Country_Trunk_Code` VALUES (14,'AUT','0');
INSERT INTO `Country_Trunk_Code` VALUES (15,'AZE','0');
INSERT INTO `Country_Trunk_Code` VALUES (16,'BHS','1');
INSERT INTO `Country_Trunk_Code` VALUES (17,'BHR',NULL);
INSERT INTO `Country_Trunk_Code` VALUES (18,'BGD','0');
INSERT INTO `Country_Trunk_Code` VALUES (19,'BRB','1');
INSERT INTO `Country_Trunk_Code` VALUES (20,'BLR','8');
INSERT INTO `Country_Trunk_Code` VALUES (21,'BEL','0');
INSERT INTO `Country_Trunk_Code` VALUES (22,'BLZ',NULL);
INSERT INTO `Country_Trunk_Code` VALUES (23,'BEN',NULL);
INSERT INTO `Country_Trunk_Code` VALUES (24,'BMU','1');
INSERT INTO `Country_Trunk_Code` VALUES (25,'BTN',NULL);
INSERT INTO `Country_Trunk_Code` VALUES (26,'BOL','0');
INSERT INTO `Country_Trunk_Code` VALUES (27,'BIH','0');
INSERT INTO `Country_Trunk_Code` VALUES (28,'BWA',NULL);
INSERT INTO `Country_Trunk_Code` VALUES (29,'BRA','0');
INSERT INTO `Country_Trunk_Code` VALUES (30,'VGB','1');
INSERT INTO `Country_Trunk_Code` VALUES (31,'BRN',NULL);
INSERT INTO `Country_Trunk_Code` VALUES (32,'BGR','0');
INSERT INTO `Country_Trunk_Code` VALUES (33,'BFA',NULL);
INSERT INTO `Country_Trunk_Code` VALUES (34,'BDI',NULL);
INSERT INTO `Country_Trunk_Code` VALUES (35,'KHM','0');
INSERT INTO `Country_Trunk_Code` VALUES (36,'CMR',NULL);
INSERT INTO `Country_Trunk_Code` VALUES (37,'CAN','1');
INSERT INTO `Country_Trunk_Code` VALUES (38,'CPV',NULL);
INSERT INTO `Country_Trunk_Code` VALUES (39,'CYM','1');
INSERT INTO `Country_Trunk_Code` VALUES (40,'CAF',NULL);
INSERT INTO `Country_Trunk_Code` VALUES (41,'TCD',NULL);
INSERT INTO `Country_Trunk_Code` VALUES (42,'CHL','0');
INSERT INTO `Country_Trunk_Code` VALUES (43,'CHN','0');
INSERT INTO `Country_Trunk_Code` VALUES (44,'COL','03');
INSERT INTO `Country_Trunk_Code` VALUES (45,'COL','05');
INSERT INTO `Country_Trunk_Code` VALUES (46,'COL','07');
INSERT INTO `Country_Trunk_Code` VALUES (47,'COL','09');
INSERT INTO `Country_Trunk_Code` VALUES (48,'COM',NULL);
INSERT INTO `Country_Trunk_Code` VALUES (49,'COG',NULL);
INSERT INTO `Country_Trunk_Code` VALUES (50,'COD',NULL);
INSERT INTO `Country_Trunk_Code` VALUES (51,'COK',NULL);
INSERT INTO `Country_Trunk_Code` VALUES (52,'CRI',NULL);
INSERT INTO `Country_Trunk_Code` VALUES (53,'HRV','0');
INSERT INTO `Country_Trunk_Code` VALUES (54,'CUB','0');
INSERT INTO `Country_Trunk_Code` VALUES (55,'CYP',NULL);
INSERT INTO `Country_Trunk_Code` VALUES (56,'CZE',NULL);
INSERT INTO `Country_Trunk_Code` VALUES (57,'DNK',NULL);
INSERT INTO `Country_Trunk_Code` VALUES (58,'IOT',NULL);
INSERT INTO `Country_Trunk_Code` VALUES (59,'DJI',NULL);
INSERT INTO `Country_Trunk_Code` VALUES (60,'DMA','1');
INSERT INTO `Country_Trunk_Code` VALUES (61,'DOM','1');
INSERT INTO `Country_Trunk_Code` VALUES (62,'TLS',NULL);
INSERT INTO `Country_Trunk_Code` VALUES (63,'ECU','0');
INSERT INTO `Country_Trunk_Code` VALUES (64,'EGY','0');
INSERT INTO `Country_Trunk_Code` VALUES (65,'SLV',NULL);
INSERT INTO `Country_Trunk_Code` VALUES (66,'GNQ',NULL);
INSERT INTO `Country_Trunk_Code` VALUES (67,'ERI','0');
INSERT INTO `Country_Trunk_Code` VALUES (68,'EST',NULL);
INSERT INTO `Country_Trunk_Code` VALUES (69,'ETH','0');
INSERT INTO `Country_Trunk_Code` VALUES (70,'FLK',NULL);
INSERT INTO `Country_Trunk_Code` VALUES (71,'FRO',NULL);
INSERT INTO `Country_Trunk_Code` VALUES (72,'FJI',NULL);
INSERT INTO `Country_Trunk_Code` VALUES (73,'FIN','0');
INSERT INTO `Country_Trunk_Code` VALUES (74,'FRA','0');
INSERT INTO `Country_Trunk_Code` VALUES (75,'GUF','0');
INSERT INTO `Country_Trunk_Code` VALUES (76,'PYF',NULL);
INSERT INTO `Country_Trunk_Code` VALUES (77,'GAB',NULL);
INSERT INTO `Country_Trunk_Code` VALUES (78,'GMB',NULL);
INSERT INTO `Country_Trunk_Code` VALUES (79,'GEO','8');
INSERT INTO `Country_Trunk_Code` VALUES (80,'DEU','0');
INSERT INTO `Country_Trunk_Code` VALUES (81,'GHA','0');
INSERT INTO `Country_Trunk_Code` VALUES (82,'GIB',NULL);
INSERT INTO `Country_Trunk_Code` VALUES (83,'GRC',NULL);
INSERT INTO `Country_Trunk_Code` VALUES (84,'GRL',NULL);
INSERT INTO `Country_Trunk_Code` VALUES (85,'GRD','1');
INSERT INTO `Country_Trunk_Code` VALUES (86,'GLP','0');
INSERT INTO `Country_Trunk_Code` VALUES (87,'GUM','1');
INSERT INTO `Country_Trunk_Code` VALUES (88,'GTM',NULL);
INSERT INTO `Country_Trunk_Code` VALUES (89,'GNQ',NULL);
INSERT INTO `Country_Trunk_Code` VALUES (90,'GNB',NULL);
INSERT INTO `Country_Trunk_Code` VALUES (91,'GUY',NULL);
INSERT INTO `Country_Trunk_Code` VALUES (92,'HTI',NULL);
INSERT INTO `Country_Trunk_Code` VALUES (93,'HND',NULL);
INSERT INTO `Country_Trunk_Code` VALUES (94,'HKG',NULL);
INSERT INTO `Country_Trunk_Code` VALUES (95,'HUN','06');
INSERT INTO `Country_Trunk_Code` VALUES (96,'ISL',NULL);
INSERT INTO `Country_Trunk_Code` VALUES (97,'IND','0');
INSERT INTO `Country_Trunk_Code` VALUES (98,'IDN','0');
INSERT INTO `Country_Trunk_Code` VALUES (99,'IRN','0');
INSERT INTO `Country_Trunk_Code` VALUES (100,'IRQ',NULL);
INSERT INTO `Country_Trunk_Code` VALUES (101,'IRL','0');
INSERT INTO `Country_Trunk_Code` VALUES (102,'ISR','0');
INSERT INTO `Country_Trunk_Code` VALUES (103,'ITA',NULL);
INSERT INTO `Country_Trunk_Code` VALUES (104,'CIV',NULL);
INSERT INTO `Country_Trunk_Code` VALUES (105,'JAM','1');
INSERT INTO `Country_Trunk_Code` VALUES (106,'JPN','0');
INSERT INTO `Country_Trunk_Code` VALUES (107,'JOR','0');
INSERT INTO `Country_Trunk_Code` VALUES (108,'KAZ','8');
INSERT INTO `Country_Trunk_Code` VALUES (109,'KEN','0');
INSERT INTO `Country_Trunk_Code` VALUES (110,'KIR',NULL);
INSERT INTO `Country_Trunk_Code` VALUES (111,'KWT',NULL);
INSERT INTO `Country_Trunk_Code` VALUES (112,'KGZ','0');
INSERT INTO `Country_Trunk_Code` VALUES (113,'LAO','0');
INSERT INTO `Country_Trunk_Code` VALUES (114,'LVA',NULL);
INSERT INTO `Country_Trunk_Code` VALUES (115,'LBN','0');
INSERT INTO `Country_Trunk_Code` VALUES (116,'LSO',NULL);
INSERT INTO `Country_Trunk_Code` VALUES (117,'LBR',NULL);
INSERT INTO `Country_Trunk_Code` VALUES (118,'LBY','0');
INSERT INTO `Country_Trunk_Code` VALUES (119,'LIE',NULL);
INSERT INTO `Country_Trunk_Code` VALUES (120,'LTU','0');
INSERT INTO `Country_Trunk_Code` VALUES (121,'LUX',NULL);
INSERT INTO `Country_Trunk_Code` VALUES (122,'MAC',NULL);
INSERT INTO `Country_Trunk_Code` VALUES (123,'MKD','0');
INSERT INTO `Country_Trunk_Code` VALUES (124,'MDG',NULL);
INSERT INTO `Country_Trunk_Code` VALUES (125,'MWI',NULL);
INSERT INTO `Country_Trunk_Code` VALUES (126,'MYS','0');
INSERT INTO `Country_Trunk_Code` VALUES (127,'MDV',NULL);
INSERT INTO `Country_Trunk_Code` VALUES (128,'MLI',NULL);
INSERT INTO `Country_Trunk_Code` VALUES (129,'MLT',NULL);
INSERT INTO `Country_Trunk_Code` VALUES (130,'MHL','1');
INSERT INTO `Country_Trunk_Code` VALUES (131,'MTQ','0');
INSERT INTO `Country_Trunk_Code` VALUES (132,'MRT',NULL);
INSERT INTO `Country_Trunk_Code` VALUES (133,'MUS',NULL);
INSERT INTO `Country_Trunk_Code` VALUES (134,'MYT',NULL);
INSERT INTO `Country_Trunk_Code` VALUES (135,'MEX','01');
INSERT INTO `Country_Trunk_Code` VALUES (136,'FSM','1');
INSERT INTO `Country_Trunk_Code` VALUES (137,'MDA','0');
INSERT INTO `Country_Trunk_Code` VALUES (138,'MCO',NULL);
INSERT INTO `Country_Trunk_Code` VALUES (139,'MNG','0');
INSERT INTO `Country_Trunk_Code` VALUES (140,'MNE','0');
INSERT INTO `Country_Trunk_Code` VALUES (141,'MSR','1');
INSERT INTO `Country_Trunk_Code` VALUES (142,'MAR','0');
INSERT INTO `Country_Trunk_Code` VALUES (143,'MOZ',NULL);
INSERT INTO `Country_Trunk_Code` VALUES (144,'MMR',NULL);
INSERT INTO `Country_Trunk_Code` VALUES (145,'NAM','0');
INSERT INTO `Country_Trunk_Code` VALUES (146,'NRU',NULL);
INSERT INTO `Country_Trunk_Code` VALUES (147,'NPL','0');
INSERT INTO `Country_Trunk_Code` VALUES (148,'NLD','0');
INSERT INTO `Country_Trunk_Code` VALUES (149,'ANT','0');
INSERT INTO `Country_Trunk_Code` VALUES (150,'NCL',NULL);
INSERT INTO `Country_Trunk_Code` VALUES (151,'NZL','0');
INSERT INTO `Country_Trunk_Code` VALUES (152,'NIC',NULL);
INSERT INTO `Country_Trunk_Code` VALUES (153,'NER',NULL);
INSERT INTO `Country_Trunk_Code` VALUES (154,'NGA','0');
INSERT INTO `Country_Trunk_Code` VALUES (155,'NIU',NULL);
INSERT INTO `Country_Trunk_Code` VALUES (156,'NFK',NULL);
INSERT INTO `Country_Trunk_Code` VALUES (157,'PRK',NULL);
INSERT INTO `Country_Trunk_Code` VALUES (158,'MNP','1');
INSERT INTO `Country_Trunk_Code` VALUES (159,'NOR',NULL);
INSERT INTO `Country_Trunk_Code` VALUES (160,'OMN',NULL);
INSERT INTO `Country_Trunk_Code` VALUES (161,'PAK','0');
INSERT INTO `Country_Trunk_Code` VALUES (162,'PLW',NULL);
INSERT INTO `Country_Trunk_Code` VALUES (163,'PAN',NULL);
INSERT INTO `Country_Trunk_Code` VALUES (164,'PNG',NULL);
INSERT INTO `Country_Trunk_Code` VALUES (165,'PRY','0');
INSERT INTO `Country_Trunk_Code` VALUES (166,'PER','0');
INSERT INTO `Country_Trunk_Code` VALUES (167,'PHL','0');
INSERT INTO `Country_Trunk_Code` VALUES (168,'POL',NULL);
INSERT INTO `Country_Trunk_Code` VALUES (169,'PRT',NULL);
INSERT INTO `Country_Trunk_Code` VALUES (170,'PRI','1');
INSERT INTO `Country_Trunk_Code` VALUES (171,'QAT',NULL);
INSERT INTO `Country_Trunk_Code` VALUES (172,'REU',NULL);
INSERT INTO `Country_Trunk_Code` VALUES (173,'ROU','0');
INSERT INTO `Country_Trunk_Code` VALUES (174,'RUS','8');
INSERT INTO `Country_Trunk_Code` VALUES (175,'RWA',NULL);
INSERT INTO `Country_Trunk_Code` VALUES (176,'SHN',NULL);
INSERT INTO `Country_Trunk_Code` VALUES (177,'KNA','1');
INSERT INTO `Country_Trunk_Code` VALUES (178,'LCA','1');
INSERT INTO `Country_Trunk_Code` VALUES (179,'SPM',NULL);
INSERT INTO `Country_Trunk_Code` VALUES (180,'VCT','1');
INSERT INTO `Country_Trunk_Code` VALUES (181,'WSM',NULL);
INSERT INTO `Country_Trunk_Code` VALUES (182,'SMR',NULL);
INSERT INTO `Country_Trunk_Code` VALUES (183,'STP',NULL);
INSERT INTO `Country_Trunk_Code` VALUES (184,'SAU','0');
INSERT INTO `Country_Trunk_Code` VALUES (185,'SEN',NULL);
INSERT INTO `Country_Trunk_Code` VALUES (186,'SRB','0');
INSERT INTO `Country_Trunk_Code` VALUES (187,'SYC',NULL);
INSERT INTO `Country_Trunk_Code` VALUES (188,'SLE','0');
INSERT INTO `Country_Trunk_Code` VALUES (189,'SGP',NULL);
INSERT INTO `Country_Trunk_Code` VALUES (190,'SVK','0');
INSERT INTO `Country_Trunk_Code` VALUES (191,'SVN','0');
INSERT INTO `Country_Trunk_Code` VALUES (192,'SLB',NULL);
INSERT INTO `Country_Trunk_Code` VALUES (193,'SOM',NULL);
INSERT INTO `Country_Trunk_Code` VALUES (194,'ZAF','0');
INSERT INTO `Country_Trunk_Code` VALUES (195,'KOR','0');
INSERT INTO `Country_Trunk_Code` VALUES (196,'ESP',NULL);
INSERT INTO `Country_Trunk_Code` VALUES (197,'LKA','0');
INSERT INTO `Country_Trunk_Code` VALUES (198,'SDN','0');
INSERT INTO `Country_Trunk_Code` VALUES (199,'SUR','0');
INSERT INTO `Country_Trunk_Code` VALUES (200,'SWZ',NULL);
INSERT INTO `Country_Trunk_Code` VALUES (201,'SWE','0');
INSERT INTO `Country_Trunk_Code` VALUES (202,'CHE','0');
INSERT INTO `Country_Trunk_Code` VALUES (203,'SYR','0');
INSERT INTO `Country_Trunk_Code` VALUES (204,'TWN','0');
INSERT INTO `Country_Trunk_Code` VALUES (205,'TJK','8');
INSERT INTO `Country_Trunk_Code` VALUES (206,'TZA','0');
INSERT INTO `Country_Trunk_Code` VALUES (207,'THA','0');
INSERT INTO `Country_Trunk_Code` VALUES (208,'TGO',NULL);
INSERT INTO `Country_Trunk_Code` VALUES (209,'TKL',NULL);
INSERT INTO `Country_Trunk_Code` VALUES (210,'TON',NULL);
INSERT INTO `Country_Trunk_Code` VALUES (211,'TTO','1');
INSERT INTO `Country_Trunk_Code` VALUES (212,'TUN',NULL);
INSERT INTO `Country_Trunk_Code` VALUES (213,'TUR','0');
INSERT INTO `Country_Trunk_Code` VALUES (214,'TKM','8');
INSERT INTO `Country_Trunk_Code` VALUES (215,'TCA','1');
INSERT INTO `Country_Trunk_Code` VALUES (216,'TUV',NULL);
INSERT INTO `Country_Trunk_Code` VALUES (217,'UGA','0');
INSERT INTO `Country_Trunk_Code` VALUES (218,'UKR','0');
INSERT INTO `Country_Trunk_Code` VALUES (219,'ARE','0');
INSERT INTO `Country_Trunk_Code` VALUES (220,'GBR','0');
INSERT INTO `Country_Trunk_Code` VALUES (221,'USA','1');
INSERT INTO `Country_Trunk_Code` VALUES (222,'USA',NULL);
INSERT INTO `Country_Trunk_Code` VALUES (223,'VIR','1');
INSERT INTO `Country_Trunk_Code` VALUES (224,'URY','0');
INSERT INTO `Country_Trunk_Code` VALUES (225,'UZB','8');
INSERT INTO `Country_Trunk_Code` VALUES (226,'VUT',NULL);
INSERT INTO `Country_Trunk_Code` VALUES (227,'VAT',NULL);
INSERT INTO `Country_Trunk_Code` VALUES (228,'VEN','0');
INSERT INTO `Country_Trunk_Code` VALUES (229,'VNM','0');
INSERT INTO `Country_Trunk_Code` VALUES (230,'WLF',NULL);
INSERT INTO `Country_Trunk_Code` VALUES (231,'YEM','0');
INSERT INTO `Country_Trunk_Code` VALUES (232,'ZMB','0');
INSERT INTO `Country_Trunk_Code` VALUES (233,'ZWE','0');
INSERT INTO `Country_Trunk_Code` VALUES (234,'PSE','0');

